Title,Company,Location,Link
노무법인 직원 채용 (청년내일채움공제가능),노무법인해냄,부산 금정구,http://www.saramin.co.kr/zf_user/jobs/relay/view?view_type=list&rec_idx=38167762
세무법인 동광(본점) 경력직 채용모집,세무법인동광,서울 서초구,http://www.saramin.co.kr/zf_user/jobs/relay/view?view_type=list&rec_idx=38167636
세무사 사무실 직원 채용,세무법인도움화성지점,경기 화성시,http://www.saramin.co.kr/zf_user/jobs/relay/view?view_type=list&rec_idx=38167462
㈜아이에스이커머스 (WIZWID) 재무회계 팀원 모집,(주)아이에스이커머스,서울 강남구,http://www.saramin.co.kr/zf_user/jobs/relay/view?view_type=list&rec_idx=38167364
"[르메르디앙서울]재경팀 AR, AP, 법인팀 신입 및 경력 모집",전원산업(주)르메르디앙서울호텔,서울 강남구,http://www.saramin.co.kr/zf_user/jobs/relay/view?view_type=list&rec_idx=38167257
학원 데스크 정규 상담실 직원 채용합니다.,(주)지에듀인천지점,인천 계양구,http://www.saramin.co.kr/zf_user/jobs/relay/view?view_type=list&rec_idx=38166771
[강남구청역] 세무사무실에서 신입직원 구인합니다.,빅앤에스세무회계사무소,서울 강남구,http://www.saramin.co.kr/zf_user/jobs/relay/view?view_type=list&rec_idx=38166662
2020 신입/경력사원 공개채용,㈜ 삼원특수지,서울 성동구,http://www.saramin.co.kr/zf_user/jobs/relay/view?view_type=list&rec_idx=38166598
회계 정규직 직원 채용 공고,경기관광개발(주),경기 광주시,http://www.saramin.co.kr/zf_user/jobs/relay/view?view_type=list&rec_idx=38166595
2020년 각 부문별 신입/경력 직원채용(연구소/Plant Control),한국유미코아(유),충남 천안시 서북구,http://www.saramin.co.kr/zf_user/jobs/relay/view?view_type=list&rec_idx=38166594
[EY컨설팅] 컨설팅본부  IT감사 및 컨설팅 경력 컨설턴트 모집,한영회계법인,서울 영등포구,http://www.saramin.co.kr/zf_user/jobs/relay/view?view_type=list&rec_idx=38166136
[EY한영] 감사본부(Assurance)내부회계전담팀 신입 및 경력 모집,한영회계법인,서울 영등포구,http://www.saramin.co.kr/zf_user/jobs/relay/view?view_type=list&rec_idx=38166095
[신입/경력] 회계법인 창천 상반기 채용공고,회계법인창천,서울 강남구,http://www.saramin.co.kr/zf_user/jobs/relay/view?view_type=list&rec_idx=38166075
경리 회계 경력무관 채용(정규직),㈜세양케이블판매,부산 사상구,http://www.saramin.co.kr/zf_user/jobs/relay/view?view_type=list&rec_idx=38166042
[유탑그룹] 직원 채용 공고,(주)유탑엔지니어링건축사사무소,광주 서구,http://www.saramin.co.kr/zf_user/jobs/relay/view?view_type=list&rec_idx=38166005
학원 데스크 직원 채용합니다.,(주)케이제이홀딩스(반여다수인대성학원),부산 해운대구,http://www.saramin.co.kr/zf_user/jobs/relay/view?view_type=list&rec_idx=38165973
2020년 제4회 정규직·무기계약직 채용,국가과학기술인력개발원,충북 청주시 청원구,http://www.saramin.co.kr/zf_user/jobs/relay/view?view_type=list&rec_idx=38165965
국내 최대 규모 회계법인 경정청구 전문 세무사,시너지파트너즈,서울 강남구,http://www.saramin.co.kr/zf_user/jobs/relay/view?view_type=list&rec_idx=38165314
건설회사 관리본부 경리/회계 담당자 모집,(주)엔텍,경기 화성시,http://www.saramin.co.kr/zf_user/jobs/relay/view?view_type=list&rec_idx=38165041
동화그룹 신입/인턴사원 공개채용,동화그룹,서울 영등포구,http://www.saramin.co.kr/zf_user/jobs/relay/view?view_type=list&rec_idx=38164899
ERP(물류/생산/회계) 강사채용,한국직업능력교육원 안산,경기 안산시 단원구,http://www.saramin.co.kr/zf_user/jobs/relay/view?view_type=list&rec_idx=38164683
(주)한창 재무회계팀 신입 인재 채용,주식회사 한창,서울 영등포구,http://www.saramin.co.kr/zf_user/jobs/relay/view?view_type=list&rec_idx=38164443
[판교/정규/]태양광 중견기업- 법인자산관리 채용,㈜키스템프,경기 성남시 분당구,http://www.saramin.co.kr/zf_user/jobs/relay/view?view_type=list&rec_idx=38164364
[청년내일채움공제 대상기업]원무/수납 정규직 채용 (강남역 -,아름다운나라 피부과,서울 강남구,http://www.saramin.co.kr/zf_user/jobs/relay/view?view_type=list&rec_idx=38164233
관리&amp;회계부문 신입/경력 정규직 모집,(주)세우아이앤씨,서울 강남구,http://www.saramin.co.kr/zf_user/jobs/relay/view?view_type=list&rec_idx=38164067
외국계 재경팀 사원 모집,씨카코리아(주),서울 강남구,http://www.saramin.co.kr/zf_user/jobs/relay/view?view_type=list&rec_idx=38164052
[(주)미로] 2020년 각 부문 채용 모집 공고,주식회사 미로,인천 연수구,http://www.saramin.co.kr/zf_user/jobs/relay/view?view_type=list&rec_idx=38163982
[ITCENGROUP] 재무팀 신입사원 모집,(주)콤텍정보통신,서울 서초구,http://www.saramin.co.kr/zf_user/jobs/relay/view?view_type=list&rec_idx=38163908
경영관리/회계/사무업무,(주) 다솔물환경연구소,경기 하남시,http://www.saramin.co.kr/zf_user/jobs/relay/view?view_type=list&rec_idx=38163875
2020년 경리부 신입직원 채용공고,(주)노타코리아,서울 중랑구,http://www.saramin.co.kr/zf_user/jobs/relay/view?view_type=list&rec_idx=38163870
[SM그룹 건설부문]건설인력 채용,에스엠상선(주)건설부문,서울 영등포구,http://www.saramin.co.kr/zf_user/jobs/relay/view?view_type=list&rec_idx=38163720
W몰 세종점 에그드랍 점주 모집공고,(주)에스에이치플러스,세종 세종특별자치시,http://www.saramin.co.kr/zf_user/jobs/relay/view?view_type=list&rec_idx=38163693
[경동그룹] 각 부문별 경력 및 신입사원 채용,경동물류(주),경기 김포시,http://www.saramin.co.kr/zf_user/jobs/relay/view?view_type=list&rec_idx=38163680
회계(경리) 정규직 채용 공고(경력무관) - 주5일,에이치티씨,경기 광명시,http://www.saramin.co.kr/zf_user/jobs/relay/view?view_type=list&rec_idx=38163574
[월230만원/ 월-금] 복합상가 관리실 회계사무직 모집,(주)프로에스콤,서울 서초구,http://www.saramin.co.kr/zf_user/jobs/relay/view?view_type=list&rec_idx=38163427
세무 정규직 채용(경력&amp;신입),금영세무회계,서울 강남구,http://www.saramin.co.kr/zf_user/jobs/relay/view?view_type=list&rec_idx=38163241
세무법인 다산(강남) 신입/경력직 직원 채용,세무법인 다산(강남지점),서울 강남구,http://www.saramin.co.kr/zf_user/jobs/relay/view?view_type=list&rec_idx=38163126
(주)보미건설 경리팀 직원 모집 (신입),보미건설,서울 성북구,http://www.saramin.co.kr/zf_user/jobs/relay/view?view_type=list&rec_idx=38162911
경영디자인팀 경영지원 경력/신입 모집,(주)디스토리지,인천 연수구,http://www.saramin.co.kr/zf_user/jobs/relay/view?view_type=list&rec_idx=38162565
신입 및 경력직원 모집합니다.,세무회계인덕,서울 강남구,http://www.saramin.co.kr/zf_user/jobs/relay/view?view_type=list&rec_idx=38162105
하이호금속 금융팀 신입사원 채용,하이호금속㈜,서울 강남구,http://www.saramin.co.kr/zf_user/jobs/relay/view?view_type=list&rec_idx=38162079
(주)지코 경영관리실 신입사원 채용,(주)지코,충남 아산시,http://www.saramin.co.kr/zf_user/jobs/relay/view?view_type=list&rec_idx=38161546
"신입사무직원 채용공고 (물류,기획,관리) 대신정기화물자동차(주",대신정기화물자동차(주),경기 군포시,http://www.saramin.co.kr/zf_user/jobs/relay/view?view_type=list&rec_idx=38161403
[부천/정규직/연봉협의] 유명 외국계기업 finance팀 accountant,템프인(주),경기 부천시,http://www.saramin.co.kr/zf_user/jobs/relay/view?view_type=list&rec_idx=38161099
경산상공회의소 회원사 채용관,경산상공회의소,경북 경산시,http://www.saramin.co.kr/zf_user/jobs/relay/view?view_type=list&rec_idx=38160871&adsCategoryItem=effect_bold&
제이디랩 경영지원 인턴 및 정규직 채용,(주)제이디랩,서울 중구,http://www.saramin.co.kr/zf_user/jobs/relay/view?view_type=list&rec_idx=38160810
2020년 상반기 공개채용 공고,㈜빙그레,서울 중구,http://www.saramin.co.kr/zf_user/jobs/relay/view?view_type=list&rec_idx=38160732
[ YG엔터테인먼트 ] 회계 신입 및 경력 모집,(주) YG엔터테인먼트,서울 마포구,http://www.saramin.co.kr/zf_user/jobs/relay/view?view_type=list&rec_idx=38160705
[경영지원] 경영지원팀 신입/경력 사원 채용,(주)피엔엘인터내셔날,서울 강남구,http://www.saramin.co.kr/zf_user/jobs/relay/view?view_type=list&rec_idx=38160519
경리·출납·결산 외 1개 부문 담당자 모집 공고,에이치케이모터즈 주식회사 역삼점,서울 강남구,http://www.saramin.co.kr/zf_user/jobs/relay/view?view_type=list&rec_idx=38160230
디와이피엔에프㈜ 신입/경력사원 채용,디와이피엔에프㈜,서울 금천구,http://www.saramin.co.kr/zf_user/jobs/relay/view?view_type=list&rec_idx=38160220&adsCategoryItem=effect_bold&
2020년 하반기 신입 및 경력 채용,이에이트(주),경기 성남시 분당구,http://www.saramin.co.kr/zf_user/jobs/relay/view?view_type=list&rec_idx=38160013
환경영업팀 영업지원 정규직 채용,동우옵트론(주),경기 광주시,http://www.saramin.co.kr/zf_user/jobs/relay/view?view_type=list&rec_idx=38159972&adsCategoryItem=effect_bold&
"[신입&amp;경력] 생산관리, 자재관리, ISO, AS9100 정규직,인턴직",(주)진글라이더,경기 용인시 처인구,http://www.saramin.co.kr/zf_user/jobs/relay/view?view_type=list&rec_idx=38159411
세무/회계 정규직 채용 - 경력&amp;신입,다솔세무회계,경기 수원시 권선구,http://www.saramin.co.kr/zf_user/jobs/relay/view?view_type=list&rec_idx=38159379
[아이엘그룹] 경영기획팀 자금 파트 채용,아이엘그룹,경기 성남시,http://www.saramin.co.kr/zf_user/jobs/relay/view?view_type=list&rec_idx=38159283
㈜다래파크텍 2020년 부문별 수시 채용,(주)다래파크텍,서울 송파구,http://www.saramin.co.kr/zf_user/jobs/relay/view?view_type=list&rec_idx=38159080&adsCategoryItem=effect_bold&
관리직 신입사원 모집(회계파트),(주)에이팩,경남 양산시,http://www.saramin.co.kr/zf_user/jobs/relay/view?view_type=list&rec_idx=38158827
"[장애인 특별채용] 인사/총무/재무회계/운영지원, CS/디자이너/에디터 신입 및 경력 채용",(주)더에스엠씨그룹,서울 강남구,http://www.saramin.co.kr/zf_user/jobs/relay/view?view_type=list&rec_idx=38158163
회계/경리/영업지원 경력직 채용,샤프에어테크시스템(주),서울 강동구,http://www.saramin.co.kr/zf_user/jobs/relay/view?view_type=list&rec_idx=38158010
[글로벌의학연구센터] 경영지원팀 신입사원 채용,(주) 글로벌의학연구센터,서울 강남구,http://www.saramin.co.kr/zf_user/jobs/relay/view?view_type=list&rec_idx=38157906
회계 담당 모집(필수: 엑셀 능숙자),서광룩스,부산 동래구,http://www.saramin.co.kr/zf_user/jobs/relay/view?view_type=list&rec_idx=38157800
경리회계직 모집,(주)로제타텍,경기 성남시 중원구,http://www.saramin.co.kr/zf_user/jobs/relay/view?view_type=list&rec_idx=38157743
회계·재무·세무·IR 정규직 채용 - 경력무관,회계법인동행,서울 강서구,http://www.saramin.co.kr/zf_user/jobs/relay/view?view_type=list&rec_idx=38157434
"[경력] 경리부(회계,세무) 사원/대리급 채용합니다",(주)금성산업,경북 칠곡군,http://www.saramin.co.kr/zf_user/jobs/relay/view?view_type=list&rec_idx=38156871
2020년 고객상담 신입&amp;경력 채용,좋은라이프 주식회사,서울 중구,http://www.saramin.co.kr/zf_user/jobs/relay/view?view_type=list&rec_idx=38156633
[관리부] 회계/경리/사무 정규직 모집합니다,엔도메딕스,서울 구로구,http://www.saramin.co.kr/zf_user/jobs/relay/view?view_type=list&rec_idx=38156484
"KTR 직원(경력, 신입, 계약) 채용",한국화학융합시험연구원,경기 과천시,http://www.saramin.co.kr/zf_user/jobs/relay/view?view_type=list&rec_idx=38156416
(주)캐스트윈 회계담당자 신입모집,캐스트윈,서울 강서구,http://www.saramin.co.kr/zf_user/jobs/relay/view?view_type=list&rec_idx=38156098
세무 정규직 채용 - 경력무관,세무법인세광성수지점,서울 성동구,http://www.saramin.co.kr/zf_user/jobs/relay/view?view_type=list&rec_idx=38156045
"[주안]초보가능     현수막, POP 디자인보조&amp;사무보조",송림정보통신,인천 미추홀구,http://www.saramin.co.kr/zf_user/jobs/relay/view?view_type=list&rec_idx=38156005
효성토요타㈜ 2020년 5월 각부문 채용,효성토요타(주),서울 서초구,http://www.saramin.co.kr/zf_user/jobs/relay/view?view_type=list&rec_idx=38155887&adsCategoryItem=effect_bold&
2020년도 상반기 정규직 신입사원 모집,한국서부발전㈜,충남 태안군,http://www.saramin.co.kr/zf_user/jobs/relay/view?view_type=list&rec_idx=38155774
[㈜KMW] 연구소 &amp; 기술  신입 및 경력 채용,㈜케이엠더블유,경기 화성시,http://www.saramin.co.kr/zf_user/jobs/relay/view?view_type=list&rec_idx=38155640&adsCategoryItem=effect_bold&
"재경팀 신입직원 채용(회계, 재무, 세무 등 담당)",한국경영자총협회,서울 마포구,http://www.saramin.co.kr/zf_user/jobs/relay/view?view_type=list&rec_idx=38155446
회계&amp;세무 정규직 채용합니다(청년신입사원)(파주시),김용환세무회계,경기 파주시,http://www.saramin.co.kr/zf_user/jobs/relay/view?view_type=list&rec_idx=38155188
"건설 시행사 결산(더존, 자체) 세무 - 신입.",(주)거홍건설,경기 안양시 동안구,http://www.saramin.co.kr/zf_user/jobs/relay/view?view_type=list&rec_idx=38155044
"시행사 자체기장 및 신고(분위기 좋아요. 성실하고, 인성좋으신",(주)거홍건설,경기 안양시 동안구,http://www.saramin.co.kr/zf_user/jobs/relay/view?view_type=list&rec_idx=38154996
"소프트웨어개발, 마케팅, 경영지원 신입&amp;경력 모집합니다.",포쿠 주식회사,서울 강남구,http://www.saramin.co.kr/zf_user/jobs/relay/view?view_type=list&rec_idx=38154690
회계 담당자 채용,(주)옵티팜,충북 청주시 흥덕구,http://www.saramin.co.kr/zf_user/jobs/relay/view?view_type=list&rec_idx=38154362
2020년도 상반기 신입사원 채용 공고,한전KDN㈜,전국,http://www.saramin.co.kr/zf_user/jobs/relay/view?view_type=list&rec_idx=38154043
2020년 항체서비스센터/경영지원부문 채용,(주)와이바이오로직스,대전 유성구,http://www.saramin.co.kr/zf_user/jobs/relay/view?view_type=list&rec_idx=38154041&adsCategoryItem=effect_bold&
"시보조사업 관련 사무직원 채용공고(회계 관련, 장애인 우대)",(사)부산지체장애인단체협의회,부산 동구,http://www.saramin.co.kr/zf_user/jobs/relay/view?view_type=list&rec_idx=38153609
(주)디에스시동탄 경리 경력직 모집,(주)디에스시동탄,경기 화성시,http://www.saramin.co.kr/zf_user/jobs/relay/view?view_type=list&rec_idx=38153588
2020년 각 부문 신입 및 경력 채용,바나나톡,서울 강남구,http://www.saramin.co.kr/zf_user/jobs/relay/view?view_type=list&rec_idx=38153571
[LG그룹] S&amp;I Corp. 자산매니저/HR 대졸 신입 수시 채용,(주)에스앤아이코퍼레이션,서울 강서구,http://www.saramin.co.kr/zf_user/jobs/relay/view?view_type=list&rec_idx=38153452
(주)넷맨 신입 및 경력 공개 채용,㈜넷맨,서울 금천구,http://www.saramin.co.kr/zf_user/jobs/relay/view?view_type=list&rec_idx=38153443
㈜한우물정수기  회계팀 사원 모집,(주)한우물,경기 고양시 일산동구,http://www.saramin.co.kr/zf_user/jobs/relay/view?view_type=list&rec_idx=38152915
2020년 상반기 신입/경력 직원 모집,리앤목특허법인,서울 강남구,http://www.saramin.co.kr/zf_user/jobs/relay/view?view_type=list&rec_idx=38152893&adsCategoryItem=effect_bold&
[정규직] 경영지원(총무)/회계보조 신입/경력 채용,디에스브이(주),경기 용인시 처인구,http://www.saramin.co.kr/zf_user/jobs/relay/view?view_type=list&rec_idx=38152078
"생산 관리 사무직 - ERP입력, 엑셀 능숙 필수 (정규직)",동보식품,충북 충주시,http://www.saramin.co.kr/zf_user/jobs/relay/view?view_type=list&rec_idx=38151949
경리·출납·결산 외 1개 부문 담당자 모집,(주)특전산,서울 영등포구,http://www.saramin.co.kr/zf_user/jobs/relay/view?view_type=list&rec_idx=38151167
[유로렌트카(주)] 관리부 경영관리팀 (사무·회계) 정규직,유로렌트카(주),경기 고양시 일산동구,http://www.saramin.co.kr/zf_user/jobs/relay/view?view_type=list&rec_idx=38150966
[경영지원본부] 인사 총무 회계 경력 모집합니다,(주)비엔비케이,경기 성남시 수정구,http://www.saramin.co.kr/zf_user/jobs/relay/view?view_type=list&rec_idx=38150268
2020년 ㈜태영건설 정규직 신입 및 경력사원 공채,(주)태영건설,서울 영등포구,http://www.saramin.co.kr/zf_user/jobs/relay/view?view_type=list&rec_idx=38150139
"세무회계 기장 결산 담당자님  - 신입, 경력 채용합니다(정규직)",대성삼경회계법인,서울 강남구,http://www.saramin.co.kr/zf_user/jobs/relay/view?view_type=list&rec_idx=38150063
[ 경영지원팀 ] 신입/경력 직원 모집합니다.,로얄스퀘어 호텔,서울 강서구,http://www.saramin.co.kr/zf_user/jobs/relay/view?view_type=list&rec_idx=38149988
경리사무직(회계사무직/영업지원사무직) - 경력무관,영메디칼,부산 사하구,http://www.saramin.co.kr/zf_user/jobs/relay/view?view_type=list&rec_idx=38149638
[원데이치과의원] 경영지원실 신입직원 채용,원데이치과의원,서울 강남구,http://www.saramin.co.kr/zf_user/jobs/relay/view?view_type=list&rec_idx=38149583&adsCategoryItem=effect_bold&
[경리부] 경리·출납·결산 경력무관 채용,(주)홍천철원물류센터,인천 계양구,http://www.saramin.co.kr/zf_user/jobs/relay/view?view_type=list&rec_idx=38149474
[회계법인서정 2사업부] KICPA / AICPA / 공인회계사 모집,회계법인서정,서울 서초구,http://www.saramin.co.kr/zf_user/jobs/relay/view?view_type=list&rec_idx=38149362
경영관리본부 경리/회계 채용공고,(주)로고스바이오시스템스,경기 안양시 동안구,http://www.saramin.co.kr/zf_user/jobs/relay/view?view_type=list&rec_idx=38149253
(주)하나로티앤에스 재경팀(재무회계) 신입/경력직 모집합니다.,(주)하나로티앤에스,경기 수원시 영통구,http://www.saramin.co.kr/zf_user/jobs/relay/view?view_type=list&rec_idx=38149194
2020년 현대렌탈케어 부문별 공개채용,㈜현대렌탈케어,서울 강동구,http://www.saramin.co.kr/zf_user/jobs/relay/view?view_type=list&rec_idx=38148712
[네오위즈] 각 부문 신입 / 경력자모집,네오위즈,경기 성남시 분당구,http://www.saramin.co.kr/zf_user/jobs/relay/view?view_type=list&rec_idx=38148439
세무사사무실 경력직원 구합니다.,새론세무법인,서울 성동구,http://www.saramin.co.kr/zf_user/jobs/relay/view?view_type=list&rec_idx=38148392
재무팀/재무회계 신입사원 채용,회명산업주식회사,충남 천안시 서북구,http://www.saramin.co.kr/zf_user/jobs/relay/view?view_type=list&rec_idx=38148005
[벨에포크자산운용] 경영관리본부 신입 직원 채용,(주)벨에포크자산운용,서울 강남구,http://www.saramin.co.kr/zf_user/jobs/relay/view?view_type=list&rec_idx=38147936
2020년 각 부문별 직원채용(IT/회계/마케팅/경영지원),(주)글로벌머니익스프레스,서울 종로구,http://www.saramin.co.kr/zf_user/jobs/relay/view?view_type=list&rec_idx=38147111
(주)동진쎄미켐 재무회계 부문 신입/경력사원 채용,동진쎄미켐,서울 마포구,http://www.saramin.co.kr/zf_user/jobs/relay/view?view_type=list&rec_idx=38147092
신한회계법인(한국전자통신연구원 근무) 과제정산업무 담당,신한회계법인대전지점,대전 유성구,http://www.saramin.co.kr/zf_user/jobs/relay/view?view_type=list&rec_idx=38146969
2020년 상반기 신입행원(L1) 데이터부문 수시채용,㈜국민은행,전국,http://www.saramin.co.kr/zf_user/jobs/relay/view?view_type=list&rec_idx=38146876
"방송음향업체 파브미디어에서 정규직 채용합니다 [사무, 영업]",(주)파브미디어,경기 의정부시,http://www.saramin.co.kr/zf_user/jobs/relay/view?view_type=list&rec_idx=38146674
북경KCBC회계법인 중국현지근무 사무장님 초빙,(주)케이씨비씨홀딩스,아시아·중동 중국.홍콩,http://www.saramin.co.kr/zf_user/jobs/relay/view?view_type=list&rec_idx=38146661
재무팀 경력 및 계약직(신입) 채용,(주) 셀바스헬스케어,대전 유성구,http://www.saramin.co.kr/zf_user/jobs/relay/view?view_type=list&rec_idx=38146640
직원(경력·신입) 채용 공고,신용보증재단중앙회,대전 서구,http://www.saramin.co.kr/zf_user/jobs/relay/view?view_type=list&rec_idx=38146450
(신입) 재무회계/경영지원 채용공고,(주)큐케이씨,서울 성동구,http://www.saramin.co.kr/zf_user/jobs/relay/view?view_type=list&rec_idx=38146440
대한민국 No.1 커피문화 창조기업과 함께 할 인재를 찾습니다!!,㈜넥스트씨앤씨,서울 금천구,http://www.saramin.co.kr/zf_user/jobs/relay/view?view_type=list&rec_idx=38146412
2020년 관리팀(재무회계 및 관리전반) 채용공고,부여아스콘(유),충남 부여군,http://www.saramin.co.kr/zf_user/jobs/relay/view?view_type=list&rec_idx=38146395
BLS클리닉 합정점 /코디네이터선생님을  모십니다.,BLS clinic 합정점,서울 마포구,http://www.saramin.co.kr/zf_user/jobs/relay/view?view_type=list&rec_idx=38146341
세무법인진솔(서초본점) 함께할 신입및 경력 직원 구인합니다,세무법인진솔,서울 서초구,http://www.saramin.co.kr/zf_user/jobs/relay/view?view_type=list&rec_idx=38146269
관리팀/물류팀 신입 및 경력직원 채용,(주)씨앤드제이인터내셔널,서울 송파구,http://www.saramin.co.kr/zf_user/jobs/relay/view?view_type=list&rec_idx=38146253&adsCategoryItem=effect_bold&
[정규직] 인사회계 경력무관 모집합니다,한살림경기서남부소비자생활협동조합,경기 화성시,http://www.saramin.co.kr/zf_user/jobs/relay/view?view_type=list&rec_idx=38146232
[법무법인(유한) 광장]재경부 신입사원 모집,법무법인(유한) 광장,서울 중구,http://www.saramin.co.kr/zf_user/jobs/relay/view?view_type=list&rec_idx=38146151
학술연구용역 연구원 모집합니다 ( 신입 ),(사)국가산업개발원,세종 세종특별자치시,http://www.saramin.co.kr/zf_user/jobs/relay/view?view_type=list&rec_idx=38146124
[삼영회계법인]회계법인 신입/경력 사무원 채용,삼영회계법인,서울 강남구,http://www.saramin.co.kr/zf_user/jobs/relay/view?view_type=list&rec_idx=38145992
경리·출납·결산外 2개 부문 담당자 채용,지속가능발전경영센터(주),서울 마포구,http://www.saramin.co.kr/zf_user/jobs/relay/view?view_type=list&rec_idx=38145925
세무사무실,황건주세무사무실,경기 광주시,http://www.saramin.co.kr/zf_user/jobs/relay/view?view_type=list&rec_idx=38145923
[원가관리2팀]자동차부품1차 신입/경력 채용(원가/영업 外),코리아에프티(주),경기 안성시,http://www.saramin.co.kr/zf_user/jobs/relay/view?view_type=list&rec_idx=38145760
대원세무법인 급여담당자 신입/경력 채용,대원세무법인,서울 강남구,http://www.saramin.co.kr/zf_user/jobs/relay/view?view_type=list&rec_idx=38145447&adsCategoryItem=effect_bold&
"KR유통(주)세종점 영업관리,원가회계外",케이알유통(주),세종 세종특별자치시,http://www.saramin.co.kr/zf_user/jobs/relay/view?view_type=list&rec_idx=38145059
(정규직) 회계업무 및 상담 경력무관 채용,회계법인동행,경기 부천시,http://www.saramin.co.kr/zf_user/jobs/relay/view?view_type=list&rec_idx=38144680
대웅건설(주) 경영관리본부 신입/경력사원 채용공고,대웅건설주식회사,대전 유성구,http://www.saramin.co.kr/zf_user/jobs/relay/view?view_type=list&rec_idx=38144239
"[월201만/주5일] (주)만도 단순사무, 전표처리 사무직원 ICk8",㈜트랜스코스모스코리아,서울 서초구,http://www.saramin.co.kr/zf_user/jobs/relay/view?view_type=list&rec_idx=38144068
2020년도 상반기 각 부분별 채용,성일개발㈜,서울 강남구,http://www.saramin.co.kr/zf_user/jobs/relay/view?view_type=list&rec_idx=38143241&adsCategoryItem=effect_bold&
요양병원 경리회계 직원 채용,의료법인 수지의료재단,경기 용인시 수지구,http://www.saramin.co.kr/zf_user/jobs/relay/view?view_type=list&rec_idx=38142998
(주)우진 경영지원팀(회계) 신입/경력 모집,(주)우진,경기 화성시,http://www.saramin.co.kr/zf_user/jobs/relay/view?view_type=list&rec_idx=38142789&adsCategoryItem=effect_bold&
2020년 상반기 신영증권 공개채용,신영증권㈜,서울 영등포구,http://www.saramin.co.kr/zf_user/jobs/relay/view?view_type=list&rec_idx=38142410
상반기 각 부문 신입 및 경력 모집,(주)시몬스,서울 강남구,http://www.saramin.co.kr/zf_user/jobs/relay/view?view_type=list&rec_idx=38142376
2020년 각 부문 신입 및 경력직 모집,㈜풍림푸드,서울 강남구,http://www.saramin.co.kr/zf_user/jobs/relay/view?view_type=list&rec_idx=38142317&adsCategoryItem=effect_bold&
"회계&amp;경리&amp;재무&amp;세무 정규직 채용(경력, 신입)",(주)에스피케이디앤씨,서울 강서구,http://www.saramin.co.kr/zf_user/jobs/relay/view?view_type=list&rec_idx=38142275
경리 회계 경력무관 채용합니다 - 정규직,(주)비젼엔지니어링,경기 화성시,http://www.saramin.co.kr/zf_user/jobs/relay/view?view_type=list&rec_idx=38142077
경리·출납·결산外 정규직 모집(신입/경력),(주)금오디자인,경기 고양시 일산서구,http://www.saramin.co.kr/zf_user/jobs/relay/view?view_type=list&rec_idx=38141994
"회계·재무·세무 외 정규직 채용 - 경력, 신입",(주)파누엘,서울 구로구,http://www.saramin.co.kr/zf_user/jobs/relay/view?view_type=list&rec_idx=38141967
㈜팍스넷 자금담당자 사원급 채용,㈜팍스넷,서울 강남구,http://www.saramin.co.kr/zf_user/jobs/relay/view?view_type=list&rec_idx=38141899
애경피앤티(주) 경영지원팀 신입&amp;경력직원 모집,애경피앤티(주),충북 음성군,http://www.saramin.co.kr/zf_user/jobs/relay/view?view_type=list&rec_idx=38141802
캠아이티㈜ 신규사업 직무별 공개 채용,캠아이티㈜,경남전체,http://www.saramin.co.kr/zf_user/jobs/relay/view?view_type=list&rec_idx=38141582
[경리부] 경리·출납·결산 경력무관 채용,홍천철원물류센터,인천 계양구,http://www.saramin.co.kr/zf_user/jobs/relay/view?view_type=list&rec_idx=38141495
2020년 백호식품 경영관리팀 모집,백호식품(주),경기 포천시,http://www.saramin.co.kr/zf_user/jobs/relay/view?view_type=list&rec_idx=38141370
생산부/자재관리/QC팀 신입 및 경력사원 채용,선진뷰티사이언스(주),충남 서천군,http://www.saramin.co.kr/zf_user/jobs/relay/view?view_type=list&rec_idx=38141255
BMW 공식딜러 (주)내쇼날모터스 재무팀 직원 채용,BMW (주)내쇼날모터스,전북 전주시 덕진구,http://www.saramin.co.kr/zf_user/jobs/relay/view?view_type=list&rec_idx=38141066
2020년 하반기 세무사사무실 직원 채용합니다.,세무법인 로앤택스,경기 시흥시,http://www.saramin.co.kr/zf_user/jobs/relay/view?view_type=list&rec_idx=38140912
[서울] 회계·세무·경리 담당자 채용 (신입&amp;경력),(주)다원시티개발,서울 광진구,http://www.saramin.co.kr/zf_user/jobs/relay/view?view_type=list&rec_idx=38140571
(주)아이티로그인 경영본부 영업지원 담당 신입 및 경력 채용,(주)아이티로그인,서울 용산구,http://www.saramin.co.kr/zf_user/jobs/relay/view?view_type=list&rec_idx=38140377
원천팀 신입사원 채용 공고,바른sc,경기 안양시 동안구,http://www.saramin.co.kr/zf_user/jobs/relay/view?view_type=list&rec_idx=38140214
회계 및 세무 경력사원 채용,대주코레스(주),전북 완주군,http://www.saramin.co.kr/zf_user/jobs/relay/view?view_type=list&rec_idx=38140174
"[솔루엠] 외환, 재무결산 업무 신입/경력 정규직 모집 공고",(주)솔루엠,경기 용인시 기흥구,http://www.saramin.co.kr/zf_user/jobs/relay/view?view_type=list&rec_idx=38139996
[이씨티]   총무 회계 경영지원 정규직 모집,미래이씨티,경기 화성시,http://www.saramin.co.kr/zf_user/jobs/relay/view?view_type=list&rec_idx=38139682
[다율회계법인] 세무 사무실 기장 신입~경력3년차,다율회계법인,서울 서초구,http://www.saramin.co.kr/zf_user/jobs/relay/view?view_type=list&rec_idx=38139536
재무팀 신입/경력 사원 모집,SC엔지니어링㈜,서울 영등포구,http://www.saramin.co.kr/zf_user/jobs/relay/view?view_type=list&rec_idx=38139423&adsCategoryItem=effect_bold&
"[HRS] 전략기획팀, 재경팀 사원 모집",(주)에이치알에스,서울 영등포구,http://www.saramin.co.kr/zf_user/jobs/relay/view?view_type=list&rec_idx=38139328
"결산, 전표입력, 세무신고 경력직 모집",(주)엠피씨파트너스,서울 강남구,http://www.saramin.co.kr/zf_user/jobs/relay/view?view_type=list&rec_idx=38139166
[이트론(주)] 가상화 / 클라우드 솔루션 경력 정규직 채용,이트론(주),서울 강남구,http://www.saramin.co.kr/zf_user/jobs/relay/view?view_type=list&rec_idx=38139142
[(주)애니원 관계사] 재무회계 신입 채용,(주)인터맥스,충남 천안시 동남구,http://www.saramin.co.kr/zf_user/jobs/relay/view?view_type=list&rec_idx=38139129
[신입/경력] 재무팀 정규직 채용 공고,㈜보끄레머천다이징,서울 강동구,http://www.saramin.co.kr/zf_user/jobs/relay/view?view_type=list&rec_idx=38139081
"구매,발주,재고관리 및 회계보조사원 모집합니다",(주)진백,경기 화성시,http://www.saramin.co.kr/zf_user/jobs/relay/view?view_type=list&rec_idx=38139026
화장품 제조업체 주)본코스메틱 사무직 채용,(주)본코스메틱,인천 서구,http://www.saramin.co.kr/zf_user/jobs/relay/view?view_type=list&rec_idx=38138909
각 부문 신입/경력직 수시채용,(주)엠씨넥스,서울 금천구,http://www.saramin.co.kr/zf_user/jobs/relay/view?view_type=list&rec_idx=38138837
[혁신투자자문] 애널리스트 및 백오피스(신입경력),(주)혁신투자자문,서울 영등포구,http://www.saramin.co.kr/zf_user/jobs/relay/view?view_type=list&rec_idx=38138706
2020년 2분기 신입·경력 인재모집,엔카닷컴(주),서울 중구,http://www.saramin.co.kr/zf_user/jobs/relay/view?view_type=list&rec_idx=38138593
(주) 알앤비소프트. 재무팀 채용,㈜알앤비소프트,경기 성남시 분당구,http://www.saramin.co.kr/zf_user/jobs/relay/view?view_type=list&rec_idx=38138541
회계기장 세무대리 신입,한미회계법인,서울 강남구,http://www.saramin.co.kr/zf_user/jobs/relay/view?view_type=list&rec_idx=38138223
"회계관리, 인사관리, 총무관리 경력/신입 채용",(주)이멕스,충남 천안시 서북구,http://www.saramin.co.kr/zf_user/jobs/relay/view?view_type=list&rec_idx=38138162
[이커머스 스타트업] 고객분석 데이터분석 모집(Python GA),(주)온누리아이코리아,서울 용산구,http://www.saramin.co.kr/zf_user/jobs/relay/view?view_type=list&rec_idx=38138154
바른sc 비영리 회계팀 신입 모집 공고,바른sc,경기 안양시 동안구,http://www.saramin.co.kr/zf_user/jobs/relay/view?view_type=list&rec_idx=38137814
세무/회계/경영지원/재무 정규직 채용 공고(신입&amp;경력),(주)솔라위즈,경기 성남시 분당구,http://www.saramin.co.kr/zf_user/jobs/relay/view?view_type=list&rec_idx=38137398
활기차고 밝은[세무법인나은]과 함께 할 인재를 모십니다.,세무법인나은,서울 강남구,http://www.saramin.co.kr/zf_user/jobs/relay/view?view_type=list&rec_idx=38137025
아덴힐리조트앤골프클럽 회계 직원 모집,그랑블제주알앤지(주),제주 제주시,http://www.saramin.co.kr/zf_user/jobs/relay/view?view_type=list&rec_idx=38136472
세무사사무실 직원 채용합니다,탑코리아세무법인송파지점,서울 송파구,http://www.saramin.co.kr/zf_user/jobs/relay/view?view_type=list&rec_idx=38136346
~ 세무회계사무소 [경력자 &amp; 초보자] 함께 해요,임순조세무사,서울 구로구,http://www.saramin.co.kr/zf_user/jobs/relay/view?view_type=list&rec_idx=38136158
김승현세무회계 신입 및 경력직 채용합니다,김승현 세무회계,서울 마포구,http://www.saramin.co.kr/zf_user/jobs/relay/view?view_type=list&rec_idx=38136152
장상운 세무회계사무소 신입직원(회계사무원) 채용,장상운세무회계사무소,부산 동래구,http://www.saramin.co.kr/zf_user/jobs/relay/view?view_type=list&rec_idx=38136151
"빠르게 성장하는 B2B유통 스타트업, 재무회계 담당자 구인(송파)",(주)공업사스토어,경기 하남시,http://www.saramin.co.kr/zf_user/jobs/relay/view?view_type=list&rec_idx=38135861
세무/더존/회계 정규직 채용합니다(신입 및 경력),다영세무회계사무소,서울 강남구,http://www.saramin.co.kr/zf_user/jobs/relay/view?view_type=list&rec_idx=38135726
"세무, 전화응대, Excel·도표 외 정규직 채용합니다",우진종합주방,서울 중랑구,http://www.saramin.co.kr/zf_user/jobs/relay/view?view_type=list&rec_idx=38135644
난임 전문 의원에서 원무 및 행정팀 직원을 구합니다.,일신엘여성의원,부산 북구,http://www.saramin.co.kr/zf_user/jobs/relay/view?view_type=list&rec_idx=38135532
세무회계사무소 기장직원 채용,양앤정세무회계컨설팅,서울 서초구,http://www.saramin.co.kr/zf_user/jobs/relay/view?view_type=list&rec_idx=38134777
[세무법인신화] 막내직원 채용합니다.,세무법인신화,서울 강남구,http://www.saramin.co.kr/zf_user/jobs/relay/view?view_type=list&rec_idx=38134393
유한회사 에이비케이 세무회계 담당자 채용,유한회사 노박앤드파트너,서울 용산구,http://www.saramin.co.kr/zf_user/jobs/relay/view?view_type=list&rec_idx=38134039
"[설로인] 마케팅, 회계, CS",설로인 주식회사,서울 강남구,http://www.saramin.co.kr/zf_user/jobs/relay/view?view_type=list&rec_idx=38133935
GUESS KOREA] AP Treasury  채용(정규직),게스홀딩스코리아유한회사,서울 강남구,http://www.saramin.co.kr/zf_user/jobs/relay/view?view_type=list&rec_idx=38133708
"우리들제약(주) IR,홍보 담당자 및 관리약사 채용",우리들제약(주),서울 송파구,http://www.saramin.co.kr/zf_user/jobs/relay/view?view_type=list&rec_idx=38133634
경영지원팀 (회계·인사·총무) 모집,(주)금축,서울 구로구,http://www.saramin.co.kr/zf_user/jobs/relay/view?view_type=list&rec_idx=38133609
어패럴 경영지원 및 구매관리 담당자 모집,(주)금축,서울 구로구,http://www.saramin.co.kr/zf_user/jobs/relay/view?view_type=list&rec_idx=38133602
어린이집/전산회계/사원채용(경력자 우대),주식회사 짝꿍,인천 남동구,http://www.saramin.co.kr/zf_user/jobs/relay/view?view_type=list&rec_idx=38133585
본사 재경팀 회계담당자 모집 (경력자 우대),(주)맥서브,서울 강남구,http://www.saramin.co.kr/zf_user/jobs/relay/view?view_type=list&rec_idx=38133584
상반기 각 부문 신입 및 경력 모집,오롬(주),서울 중구,http://www.saramin.co.kr/zf_user/jobs/relay/view?view_type=list&rec_idx=38133326&adsCategoryItem=effect_bold&
[장애인특별채용] 경영지원실 직원 채용,(주)캐럿글로벌,서울 강남구,http://www.saramin.co.kr/zf_user/jobs/relay/view?view_type=list&rec_idx=38133054
[라카이코리아] 각 부문 정규직/아르바이트 채용,(주)라카이코리아,서울 금천구,http://www.saramin.co.kr/zf_user/jobs/relay/view?view_type=list&rec_idx=38132938&adsCategoryItem=effect_bold&
영업사원 / 경영지원 및 인사경리회계 담당자 채용,(주)위즈더플래닛,서울 강남구,http://www.saramin.co.kr/zf_user/jobs/relay/view?view_type=list&rec_idx=38132858
한국병원 회계팀 직원채용,의료법인혜인의료재단,제주 제주시,http://www.saramin.co.kr/zf_user/jobs/relay/view?view_type=list&rec_idx=38132445
회계·재무·세무·IR 정규직 채용 - 경력무관,가현택스(서초반포),서울 서초구,http://www.saramin.co.kr/zf_user/jobs/relay/view?view_type=list&rec_idx=38132403
2020년도 상반기 신입/경력사원 추가모집,(주)국전약품,경기 안양시 동안구,http://www.saramin.co.kr/zf_user/jobs/relay/view?view_type=list&rec_idx=38132384
회계 / 총무 사원급모집,Karmel Technology,경기 성남시 수정구,http://www.saramin.co.kr/zf_user/jobs/relay/view?view_type=list&rec_idx=38132096
"경리 신입, 경력 채용(정규직&amp;계약직)",(주)엠씨씨네트월드,경기 성남시 중원구,http://www.saramin.co.kr/zf_user/jobs/relay/view?view_type=list&rec_idx=38131681
회계 / 결산 / 상장회사 공시 / 주식공모,(주)더블유에스지,부산 기장군,http://www.saramin.co.kr/zf_user/jobs/relay/view?view_type=list&rec_idx=38131650
"(신입, 경력) 서비스기획/운영&amp;마케팅기획外 정규직 채용",비브렛츠,경기 광명시,http://www.saramin.co.kr/zf_user/jobs/relay/view?view_type=list&rec_idx=38131605
2020년 세무&amp;경영지원&amp;회계&amp;전산회계 신입사원 모집,JS경영컨설팅,서울 구로구,http://www.saramin.co.kr/zf_user/jobs/relay/view?view_type=list&rec_idx=38131505
[여기어때] 재무실 회계담당 팀원 채용(경력/신입),(주)여기어때컴퍼니,서울 강남구,http://www.saramin.co.kr/zf_user/jobs/relay/view?view_type=list&rec_idx=38131458
[FOREVER21] Accounting팀 직원 모집,퍼애버투앤디원코리아(주),서울 금천구,http://www.saramin.co.kr/zf_user/jobs/relay/view?view_type=list&rec_idx=38130927
한국유나이티드제약 감사팀 신입/경력사원 모집,한국유나이티드제약(주),서울 강남구,http://www.saramin.co.kr/zf_user/jobs/relay/view?view_type=list&rec_idx=38130616
"상반기 신입 및 경력 채용(CS강사,경영지원,교육운영)",(주)유앤알컴퍼니,서울 구로구,http://www.saramin.co.kr/zf_user/jobs/relay/view?view_type=list&rec_idx=38130598&adsCategoryItem=effect_bold&
"세무회계사무소, 세무조정, 기장대리, 원천세신고",솔빛세무회계사무소,서울 서초구,http://www.saramin.co.kr/zf_user/jobs/relay/view?view_type=list&rec_idx=38130530
인성A&amp;T(주) 인천공장 재무/회계 담당자 채용공고,인성에이앤티(주),인천 서구,http://www.saramin.co.kr/zf_user/jobs/relay/view?view_type=list&rec_idx=38130268
제일물산(주) 재무회계 담당자 채용,제일물산(주),서울 영등포구,http://www.saramin.co.kr/zf_user/jobs/relay/view?view_type=list&rec_idx=38130004
(주)인우이엔씨 재무회계 담당자 채용,(주)인우이엔씨,서울 영등포구,http://www.saramin.co.kr/zf_user/jobs/relay/view?view_type=list&rec_idx=38129940
재무회계 우수인재 채용 (신입),SKC하이테크앤마케팅(주),충남 천안시 서북구,http://www.saramin.co.kr/zf_user/jobs/relay/view?view_type=list&rec_idx=38129886
(주)제이와이드코리아 본사 총무직 채용,(주)제이와이드코리아,부산 기장군,http://www.saramin.co.kr/zf_user/jobs/relay/view?view_type=list&rec_idx=38129669
에스파워(주) 영업개발팀 발전소 법인 관리 담당자 채용,에스파워(주),경기 성남시 분당구,http://www.saramin.co.kr/zf_user/jobs/relay/view?view_type=list&rec_idx=38128563
[세무법인 화우] 근무 세무사 채용공고,법무법인(유) 화우,서울 강남구,http://www.saramin.co.kr/zf_user/jobs/relay/view?view_type=list&rec_idx=38128395
[법무법인(유한) 광장]빌링부 신입사원 모집,법무법인(유한) 광장,서울 중구,http://www.saramin.co.kr/zf_user/jobs/relay/view?view_type=list&rec_idx=38128304
(주)와이비엠 한국토익위원회 경리팀 신입사원 채용,주식회사 와이비엠,서울 종로구,http://www.saramin.co.kr/zf_user/jobs/relay/view?view_type=list&rec_idx=38128241
"신사업본부 타당성분석, Funding, PF 관련 및 리서치 직원 채용",(주)지이솔루션,경기 평택시,http://www.saramin.co.kr/zf_user/jobs/relay/view?view_type=list&rec_idx=38127946
(주)마켓리더 2020년 상반기 경영지원/쇼핑몰 정산/회계 채용공,(주)마켓리더,서울 광진구,http://www.saramin.co.kr/zf_user/jobs/relay/view?view_type=list&rec_idx=38127726
㈜재원푸드 2020년 상반기 대졸 공채,(주)재원푸드,서울 서초구,http://www.saramin.co.kr/zf_user/jobs/relay/view?view_type=list&rec_idx=38127638&adsCategoryItem=effect_bold&
2020 하반기 경영지원부 영업지원/회계 담당자 채용(경력무관),(주)해윰,부산 해운대구,http://www.saramin.co.kr/zf_user/jobs/relay/view?view_type=list&rec_idx=38127606
부동산자산운용전문기업 감사팀 직원 모집(신입/경력),㈜휴먼터치,서울 강남구,http://www.saramin.co.kr/zf_user/jobs/relay/view?view_type=list&rec_idx=38126757
[시네온티브이]아시아드라마 전문채널 경영관리 신입/경력 채용,시네온티브이㈜,서울 송파구,http://www.saramin.co.kr/zf_user/jobs/relay/view?view_type=list&rec_idx=38126725
바이오제약연구소 행정지원 및 과제수행 실무자 모집,(주)뉴로라이브,서울 동대문구,http://www.saramin.co.kr/zf_user/jobs/relay/view?view_type=list&rec_idx=38126579
2020년 가비아 신입사원 공개채용,㈜가비아,경기 성남시 분당구,http://www.saramin.co.kr/zf_user/jobs/relay/view?view_type=list&rec_idx=38126009
도원회계법인 국가연구개발사업 정산업무 직원 모집(1본부),도원회계법인,서울 강남구,http://www.saramin.co.kr/zf_user/jobs/relay/view?view_type=list&rec_idx=38124964
각 부문 신입/경력 모집,(주)제이앤코스,인천 연수구,http://www.saramin.co.kr/zf_user/jobs/relay/view?view_type=list&rec_idx=38124905
2020년 상반기 각 부문 채용,넥서스메디케어(주),서울 동대문구,http://www.saramin.co.kr/zf_user/jobs/relay/view?view_type=list&rec_idx=38124279
관리부(일반사무업무 및 정부지원사업등),(주)스노우라인,경기 평택시,http://www.saramin.co.kr/zf_user/jobs/relay/view?view_type=list&rec_idx=38124134
2020 부문별 신입/경력 채용,㈜틸론,서울 강서구,http://www.saramin.co.kr/zf_user/jobs/relay/view?view_type=list&rec_idx=38124108
공인회계사(KICPA) 채용,맨쉬 컨설팅 주식회사,서울 강남구,http://www.saramin.co.kr/zf_user/jobs/relay/view?view_type=list&rec_idx=38124037
세무사사무실 회계사무원 신입 모집,조경래세무회계사무소,대구 남구,http://www.saramin.co.kr/zf_user/jobs/relay/view?view_type=list&rec_idx=38123103
세무·회계·CPA外 1개 부문 담당자 채용,한백세무회계사무소,경기 용인시 수지구,http://www.saramin.co.kr/zf_user/jobs/relay/view?view_type=list&rec_idx=38123067
재무회계 신입 및 경력 모집,어보브반도체(주),서울 강남구,http://www.saramin.co.kr/zf_user/jobs/relay/view?view_type=list&rec_idx=38122707&adsCategoryItem=effect_bold&
"[다산그룹] 군산 DTS 경영지원팀(인사,총무) 신입 채용",(주)디티에스,전북 군산시,http://www.saramin.co.kr/zf_user/jobs/relay/view?view_type=list&rec_idx=38122395
㈜비앤씨컴퍼니 영업부/생산부/관리부 신입 및 경력 모집,㈜비앤씨컴퍼니,경기 파주시,http://www.saramin.co.kr/zf_user/jobs/relay/view?view_type=list&rec_idx=38122309
[KISCO GROUP] 2020년 각 부문별 정규직 공개채용,(주)경인양행,서울 강서구,http://www.saramin.co.kr/zf_user/jobs/relay/view?view_type=list&rec_idx=38122275
사우스링스 영암 골프장 회계 정규직원 채용공고,썬카운티(주),전남 영암군,http://www.saramin.co.kr/zf_user/jobs/relay/view?view_type=list&rec_idx=38122269
[비스토스]제조팀 생산관리 채용,(주)비스토스,경기 성남시 중원구,http://www.saramin.co.kr/zf_user/jobs/relay/view?view_type=list&rec_idx=38122112
[경력직] 경영지원본부 회계분야 채용공고,(주)다원메닥스,서울 서초구,http://www.saramin.co.kr/zf_user/jobs/relay/view?view_type=list&rec_idx=38121831
식품회사(조미김) 사무관리 정규직 모집,(주)광천김,충남 홍성군,http://www.saramin.co.kr/zf_user/jobs/relay/view?view_type=list&rec_idx=38121747
경영지원팀 팀원모집 - 회계가능자 우대(역삼역),에임인베스트먼트(주),서울 강남구,http://www.saramin.co.kr/zf_user/jobs/relay/view?view_type=list&rec_idx=38121681
경리과 회계담당 신입 정규사원 채용공고,㈜대성사,경남 양산시,http://www.saramin.co.kr/zf_user/jobs/relay/view?view_type=list&rec_idx=38121153
[젠틀몬스터] 재무기획본부 회계담당 신입사원 채용,(주)아이아이컴바인드,서울 마포구,http://www.saramin.co.kr/zf_user/jobs/relay/view?view_type=list&rec_idx=38121109
회계사무원 채용 공고,(주)락토메이슨,경남 진주시,http://www.saramin.co.kr/zf_user/jobs/relay/view?view_type=list&rec_idx=38120930
스마트건설기술을 선도할 인재 모집,㈜ 삼안,서울 송파구,http://www.saramin.co.kr/zf_user/jobs/relay/view?view_type=list&rec_idx=38120142
[경기 동탄/충남 아산] 2020년 ㈜포인트엔지니어링 상반기 각 부문 채용,(주)포인트엔지니어링,충남 아산시,http://www.saramin.co.kr/zf_user/jobs/relay/view?view_type=list&rec_idx=38120086
각 부문별 신입/경력사원 채용,(주)가스트론,경기 군포시,http://www.saramin.co.kr/zf_user/jobs/relay/view?view_type=list&rec_idx=38119897&adsCategoryItem=effect_bold&
회계/매출보고/총무 경력무관 채용(정규직),주식회사 리어스,경기 부천시,http://www.saramin.co.kr/zf_user/jobs/relay/view?view_type=list&rec_idx=38119683
"알피 연구소, IT, 개발, 기획, 회계, 원료 모집",(주)알피바이오,경기 수원시,http://www.saramin.co.kr/zf_user/jobs/relay/view?view_type=list&rec_idx=38119482&adsCategoryItem=effect_bold&
[비트망고] 재무회계팀 신입 정규직 채용 (5/31 마감),(주)비트망고,경기 성남시 분당구,http://www.saramin.co.kr/zf_user/jobs/relay/view?view_type=list&rec_idx=38119356
[정산] 병원 내 정산업무 사원모집,모제림성형외과,서울 강남구,http://www.saramin.co.kr/zf_user/jobs/relay/view?view_type=list&rec_idx=38118533
[Trip.com] 재무팀 경력사원 및 인턴 수시 채용,씨트립코리아,서울전체,http://www.saramin.co.kr/zf_user/jobs/relay/view?view_type=list&rec_idx=38118483&adsCategoryItem=effect_bold&
[반도체 제조업]  감사팀 신입사원 채용 [사원급],한국씰마스타(주),경기 김포시,http://www.saramin.co.kr/zf_user/jobs/relay/view?view_type=list&rec_idx=38118418
[안세회계법인] 재무자문 컨설턴트 신입사원 채용 공고,안세회계법인,서울 송파구,http://www.saramin.co.kr/zf_user/jobs/relay/view?view_type=list&rec_idx=38117816
(재)인천광역시부평구문화재단 2020년 제6회 직원채용 공고,(재)인천광역시부평구문화재단,인천 부평구,http://www.saramin.co.kr/zf_user/jobs/relay/view?view_type=list&rec_idx=38117470
[경력] 영업관리/기획/전략 정규직 채용,(주)비욘드테크,서울 금천구,http://www.saramin.co.kr/zf_user/jobs/relay/view?view_type=list&rec_idx=38117385
총무&amp;회계&amp;경영지원 정규직 채용(경력무관),이천예치과의원,경기 이천시,http://www.saramin.co.kr/zf_user/jobs/relay/view?view_type=list&rec_idx=38116763
"[경력] 경영지원관리(경리,매출관리,부가세 신고및사이트정산)",(주)앤스시스템,서울 금천구,http://www.saramin.co.kr/zf_user/jobs/relay/view?view_type=list&rec_idx=38116760
MVNO사업부 영업기획·관리·지원 신입&amp;경력 채용,주식회사 와이엘랜드,경기 성남시 분당구,http://www.saramin.co.kr/zf_user/jobs/relay/view?view_type=list&rec_idx=38116711
패션브랜드 CHUCK(척) 경영지원팀 채용 공고,척(CHUCK),서울 마포구,http://www.saramin.co.kr/zf_user/jobs/relay/view?view_type=list&rec_idx=38116396
"전산회계, 전산세무 , ERP 교강사",중소기업인재개발원,경기 수원시 팔달구,http://www.saramin.co.kr/zf_user/jobs/relay/view?view_type=list&rec_idx=38116330
[강남] 스타트업 재무비서 경력,인재사관학교 주식회사,서울 강남구,http://www.saramin.co.kr/zf_user/jobs/relay/view?view_type=list&rec_idx=38116264
2020년 상반기 관리회계/기장/4대보험/전산회계 외 경력직 채용,(주)조그만,경기 부천시,http://www.saramin.co.kr/zf_user/jobs/relay/view?view_type=list&rec_idx=38114350
(경력무관) 전산회계/회계/경영지원 외 신입직원채용,(주)아키텍,경기 용인시 처인구,http://www.saramin.co.kr/zf_user/jobs/relay/view?view_type=list&rec_idx=38114324
세무사 사무실 직원 1명 (신입 및 경력) / 종소세 알바1명(경력),세무사 안치석 사무소,서울 송파구,http://www.saramin.co.kr/zf_user/jobs/relay/view?view_type=list&rec_idx=38114317
[아프리카 근무] 채용  모집,솔피아코리아(주),아프리카 남아프리카공화국,http://www.saramin.co.kr/zf_user/jobs/relay/view?view_type=list&rec_idx=38113517
세무사 사무실 정규직 직원 채용,세무사김영웅사무소,서울 서초구,http://www.saramin.co.kr/zf_user/jobs/relay/view?view_type=list&rec_idx=38113194
Accounting / Office manager,비너스컨셉트코리아(유),서울 송파구,http://www.saramin.co.kr/zf_user/jobs/relay/view?view_type=list&rec_idx=38112249
영업관리팀 사무직 채용공고 (신입 / 경력) - 시화 1명,(주)어진철강,경기 시흥시,http://www.saramin.co.kr/zf_user/jobs/relay/view?view_type=list&rec_idx=38112091
"영업사무원 모집(신입,경력) /회계 경험 우대",농업회사법인(주)천농,충남 논산시,http://www.saramin.co.kr/zf_user/jobs/relay/view?view_type=list&rec_idx=38111547
[에이디에스레일] 상반기 각 부문 채용,(주)에이디에스레일,경기 군포시,http://www.saramin.co.kr/zf_user/jobs/relay/view?view_type=list&rec_idx=38111278
세무법인 정규(신입)직원 채용,세무법인 원진,서울 성동구,http://www.saramin.co.kr/zf_user/jobs/relay/view?view_type=list&rec_idx=38110921
"세무법인청연 강남지점 신입,경력직 모집합니다.",세무법인청연,서울 강남구,http://www.saramin.co.kr/zf_user/jobs/relay/view?view_type=list&rec_idx=38110250
사무직 (회계/경리) 경력무관 모집 공고(정규직),(주)케이아이디,경기 김포시,http://www.saramin.co.kr/zf_user/jobs/relay/view?view_type=list&rec_idx=38109462
"(주)경포아쿠아리움 인사, 회계 등 담당 경력사원 모집",(주)경포아쿠아리움,강원 강릉시,http://www.saramin.co.kr/zf_user/jobs/relay/view?view_type=list&rec_idx=38108723
2020년 경영지원팀 (신입/경력) 채용,(주)신화환경연구원,경기 안양시 동안구,http://www.saramin.co.kr/zf_user/jobs/relay/view?view_type=list&rec_idx=38108591
[서울커피] 경영지원팀 경력직 직원 모집 (인사/재무/구매),(주)오플로,서울 강서구,http://www.saramin.co.kr/zf_user/jobs/relay/view?view_type=list&rec_idx=38107972
[회계세무사무원 모집] 신임과 함께할 인재를 모십니다.,신임세무회계,서울 송파구,http://www.saramin.co.kr/zf_user/jobs/relay/view?view_type=list&rec_idx=38107223
"기업회계, 재무관리 채용",커피킹덤협동조합,경북 안동시,http://www.saramin.co.kr/zf_user/jobs/relay/view?view_type=list&rec_idx=38106291
2020년 경영지원팀 (신입/경력) 채용,워터스생활환경연구소,경기 군포시,http://www.saramin.co.kr/zf_user/jobs/relay/view?view_type=list&rec_idx=38106119
세무/회계/결산 업무위한 사원 모집,위더스세무회계,경기 수원시 영통구,http://www.saramin.co.kr/zf_user/jobs/relay/view?view_type=list&rec_idx=38105972
회계 사무원 모집,(주)코아띠,광주 동구,http://www.saramin.co.kr/zf_user/jobs/relay/view?view_type=list&rec_idx=38105389
공시/IR 파트 팀원 모집 (신입/경력),(주)서진시스템,경기 부천시,http://www.saramin.co.kr/zf_user/jobs/relay/view?view_type=list&rec_idx=38105320
[정규직] 경영지원실 신입/경력 모집,(주)씨피엔에스,서울 강남구,http://www.saramin.co.kr/zf_user/jobs/relay/view?view_type=list&rec_idx=38104303
(주)HKC 경리부(회계/재무) 신입 채용,(주)에이치케이씨,경기 이천시,http://www.saramin.co.kr/zf_user/jobs/relay/view?view_type=list&rec_idx=38103938
서커스컴퍼니 5월 채용 각 부문 크루 모집,(주)서커스컴퍼니,서울 강남구,http://www.saramin.co.kr/zf_user/jobs/relay/view?view_type=list&rec_idx=38103745
"병원영업,의료장비A/S 및 경리,회계 신입·경력 채용",(주)에스와이메디케어,서울 강남구,http://www.saramin.co.kr/zf_user/jobs/relay/view?view_type=list&rec_idx=38103684
"[디스플레이장비(OLED, LCD)] 기획/재무/기구설계/PLC 및 PC제어",(주)엘이티,충남 아산시,http://www.saramin.co.kr/zf_user/jobs/relay/view?view_type=list&rec_idx=38103616&adsCategoryItem=effect_bold&
"세무법인, 세무사사무실 기장직원 경력무관 모집 공고(정규직)",세무법인로고스,서울 송파구,http://www.saramin.co.kr/zf_user/jobs/relay/view?view_type=list&rec_idx=38103593
"[케이옥션] 재무/세무 회계 담당자 모집(신입, 경력)",(주)케이옥션,서울 강남구,http://www.saramin.co.kr/zf_user/jobs/relay/view?view_type=list&rec_idx=38103323
2020년 상반기 신입 및 경력직 공채,㈜론드,서울 금천구,http://www.saramin.co.kr/zf_user/jobs/relay/view?view_type=list&rec_idx=38103242
학원 경영행정부  회계 관리 사원모집,(주)퍼플아카데미,서울 양천구,http://www.saramin.co.kr/zf_user/jobs/relay/view?view_type=list&rec_idx=38103147
"주택임대관리회사 ㈜라이프테크 정규직(세무, 회계경리)",(주)라이프테크,서울 강남구,http://www.saramin.co.kr/zf_user/jobs/relay/view?view_type=list&rec_idx=38102904
실내건축·현장관리/총무 정규직 모집,일감실내건축(주),서울 도봉구,http://www.saramin.co.kr/zf_user/jobs/relay/view?view_type=list&rec_idx=38102752
젠틀몬스터 매출 데이터 및 온라인 분석 채용,(주)아이아이컴바인드,서울 마포구,http://www.saramin.co.kr/zf_user/jobs/relay/view?view_type=list&rec_idx=38102263
이연제약(주) 2020년 상반기 신입/경력사원 채용,이연제약(주),서울 강남구,http://www.saramin.co.kr/zf_user/jobs/relay/view?view_type=list&rec_idx=38102200
5월 각 부문별 신입/경력 채용,이투스교육,서울 강남구,http://www.saramin.co.kr/zf_user/jobs/relay/view?view_type=list&rec_idx=38101973
[컴투스/게임빌컴투스플랫폼/게임빌] 각 부문별 채용,㈜ 컴투스,서울 금천구,http://www.saramin.co.kr/zf_user/jobs/relay/view?view_type=list&rec_idx=38101914
경리(사무보조)/전산회계/Excel(능숙자) 신입 및 경력사원 채용,(주)다이렉트론,대구 달서구,http://www.saramin.co.kr/zf_user/jobs/relay/view?view_type=list&rec_idx=38101404
세무사사무실 직원 모집,세무법인 비전택스,서울 송파구,http://www.saramin.co.kr/zf_user/jobs/relay/view?view_type=list&rec_idx=38101017
회계부문 신입사원모집,아이쓰리시스템,대전 유성구,http://www.saramin.co.kr/zf_user/jobs/relay/view?view_type=list&rec_idx=38100854
경리·출납·결산 정규직 채용(경력),(주)씨엔와이테크,충남 아산시,http://www.saramin.co.kr/zf_user/jobs/relay/view?view_type=list&rec_idx=38100532
회계 및 자재관리 사무원 모집합니다,(주)부산알루미늄,부산 사상구,http://www.saramin.co.kr/zf_user/jobs/relay/view?view_type=list&rec_idx=38100189
경영컨설팅사 수행컨설턴트 신입/경력직 채용(정규직),어쓰쉐이커스,서울 강남구,http://www.saramin.co.kr/zf_user/jobs/relay/view?view_type=list&rec_idx=38099587
"[송파]세무회계사무소 경력(더존,텔레,노무사사무실경력 특우대)",정효섭세무회계사무소,서울 송파구,http://www.saramin.co.kr/zf_user/jobs/relay/view?view_type=list&rec_idx=38099436
2020년 상반기 세무 신입&amp;경력 채용,지원세무회계사무소,경기 광주시,http://www.saramin.co.kr/zf_user/jobs/relay/view?view_type=list&rec_idx=38099430
"( 정규직,경력직) 회계관련 경력 보유자 구인중입니다.",주식회사정담이앤씨,울산 남구,http://www.saramin.co.kr/zf_user/jobs/relay/view?view_type=list&rec_idx=38099262
[NEPA] 재무 담당자 채용,네파(주),서울 강남구,http://www.saramin.co.kr/zf_user/jobs/relay/view?view_type=list&rec_idx=38099117
재무회계/총무 담당 채용공고,(주)손대식박태윤,서울 용산구,http://www.saramin.co.kr/zf_user/jobs/relay/view?view_type=list&rec_idx=38098622
대방그룹(주) 2020년 5월 수시 채용,대방건설㈜,서울 강서구,http://www.saramin.co.kr/zf_user/jobs/relay/view?view_type=list&rec_idx=38098470
[에이팜] 동물약품(의약품) 구매/영업지원 담당자 채용,에이팜,서울 중랑구,http://www.saramin.co.kr/zf_user/jobs/relay/view?view_type=list&rec_idx=38098386
2020 상반기 각 부문 채용,에이비(주),충남 당진시,http://www.saramin.co.kr/zf_user/jobs/relay/view?view_type=list&rec_idx=38097566
"회계·재무·세무·IR(세무, 회계) 모집 공고",(주)제이앤씨아이앤씨,경기 안산시 단원구,http://www.saramin.co.kr/zf_user/jobs/relay/view?view_type=list&rec_idx=38097448
[ 세람택스 ] 세무사사무실/세무법인/세무회계사무소 채용합니다,세람택스,서울 강남구,http://www.saramin.co.kr/zf_user/jobs/relay/view?view_type=list&rec_idx=38096748
경리 및 회계 담당자 채용.,(주)예도전기조명,경기 고양시 일산동구,http://www.saramin.co.kr/zf_user/jobs/relay/view?view_type=list&rec_idx=38096742
(주)덱스터스튜디오 재무관리실 신입 채용,(주)덱스터스튜디오,서울 마포구,http://www.saramin.co.kr/zf_user/jobs/relay/view?view_type=list&rec_idx=38096469
[상장사] 재무&amp;세무&amp;원가&amp;자금&amp;ERP운용 관련업무 수행,(주)이디티,경기 안양시 동안구,http://www.saramin.co.kr/zf_user/jobs/relay/view?view_type=list&rec_idx=38095870
경리·회계·일반사무 정규직 채용 공고,(주)모든사람들,대구 남구,http://www.saramin.co.kr/zf_user/jobs/relay/view?view_type=list&rec_idx=38095378
(주)복산나이스 기획실(부속팀) 사원 모집,(주)복산나이스,부산 동구,http://www.saramin.co.kr/zf_user/jobs/relay/view?view_type=list&rec_idx=38095262
(회계법인) 기장··세무·급여·회계 정규직 경력/신입 채용공,삼도회계법인,서울 서초구,http://www.saramin.co.kr/zf_user/jobs/relay/view?view_type=list&rec_idx=38094190
영업지원(견적대응) 경력무관 채용합니다(정규직),에이치.아이.엠(주),경기 시흥시,http://www.saramin.co.kr/zf_user/jobs/relay/view?view_type=list&rec_idx=38093985
"[인재선발] 사업기획, 전략수립 / 현장, 용접 분야",주식회사 킨테크,충북 제천시,http://www.saramin.co.kr/zf_user/jobs/relay/view?view_type=list&rec_idx=38093767
세무 기장팀 회계·재무·세무·IR 신입사원 채용,세무회계 도담,경기 화성시,http://www.saramin.co.kr/zf_user/jobs/relay/view?view_type=list&rec_idx=38093740
주 5일 근무 - 일반관리 회계 경리보조 부사수 정직원 채용,세종헬스케어(주),경기 김포시,http://www.saramin.co.kr/zf_user/jobs/relay/view?view_type=list&rec_idx=38093663
각 부문 신입/경력 정규 채용,(주)이플루비,서울 성동구,http://www.saramin.co.kr/zf_user/jobs/relay/view?view_type=list&rec_idx=38093362
[유니온] 경영지원팀 신입 채용,유니온화재특종손해사정(주),서울 영등포구,http://www.saramin.co.kr/zf_user/jobs/relay/view?view_type=list&rec_idx=38093288
[서울도시가스그룹계열] 재무팀 신입/경력(5년이하),에스씨지솔루션즈(주),서울 송파구,http://www.saramin.co.kr/zf_user/jobs/relay/view?view_type=list&rec_idx=38092340
사우스링스 영암 골프장 회계 및 홍보 정규직원 채용공고,썬카운티(주),전남 영암군,http://www.saramin.co.kr/zf_user/jobs/relay/view?view_type=list&rec_idx=38092104
[오룡PFV(주)] 경영지원팀 정규직 채용 - 신입/경력,오룡피에프브이(주),서울 서초구,http://www.saramin.co.kr/zf_user/jobs/relay/view?view_type=list&rec_idx=38092065
경리 및 컴퓨터 작업 직원 모집,(주)엘림의동산,경기 수원시 권선구,http://www.saramin.co.kr/zf_user/jobs/relay/view?view_type=list&rec_idx=38091608
㈜소프트위즈 경영지원팀 팀원 모집,(주)소프트위즈,서울 강남구,http://www.saramin.co.kr/zf_user/jobs/relay/view?view_type=list&rec_idx=38091501
회계/ 더존 smart A / 전산회계,애니팜영농조합법인,전남 영광군,http://www.saramin.co.kr/zf_user/jobs/relay/view?view_type=list&rec_idx=38090868
"-미국계 법률&amp;회계 회사, 마케팅 팀원 모집",로커스컨설팅(주),서울 강남구,http://www.saramin.co.kr/zf_user/jobs/relay/view?view_type=list&rec_idx=38090542
사무관리 경력무관 채용(정규직&amp;계약직),(주)메드비,서울 중구,http://www.saramin.co.kr/zf_user/jobs/relay/view?view_type=list&rec_idx=38089773
세무회계사무실 신입/경력직원 채용(회계사무원),세무법인한맥,경기 수원시 영통구,http://www.saramin.co.kr/zf_user/jobs/relay/view?view_type=list&rec_idx=38089190
"아파트,오피스텔,상가 회계(경리)직원 채용합니다",(유)이유산업개발,경기 부천시,http://www.saramin.co.kr/zf_user/jobs/relay/view?view_type=list&rec_idx=38089052
"W몰 세종점 샵윈도(온라인몰) , 영업팀, 재경팀 채용",(주)에스에이치플러스,세종 세종특별자치시,http://www.saramin.co.kr/zf_user/jobs/relay/view?view_type=list&rec_idx=38088952
경영지원팀 회계 사원 모집합니다,(주)씨엠텍,광주 광산구,http://www.saramin.co.kr/zf_user/jobs/relay/view?view_type=list&rec_idx=38088485
농업회사법인 에프엔씨플러스(주) 대전MBC자회사  회계직원모집,농업회사법인에프엔씨(주),대전 유성구,http://www.saramin.co.kr/zf_user/jobs/relay/view?view_type=list&rec_idx=38086904
성실하게 근무하실 회계사무원 구합니다.,(주)동하,경기 포천시,http://www.saramin.co.kr/zf_user/jobs/relay/view?view_type=list&rec_idx=38085567
(주)신라정밀 경리/회계부 신입 채용,㈜신라정밀,충남 천안시 동남구,http://www.saramin.co.kr/zf_user/jobs/relay/view?view_type=list&rec_idx=38083260
신한저축은행 정규직 신입 및 경력직원 채용,㈜신한저축은행,서울 중구,http://www.saramin.co.kr/zf_user/jobs/relay/view?view_type=list&rec_idx=38082656
삼륭물산(주) 수시 채용 공고,삼륭물산(주),서울 성동구,http://www.saramin.co.kr/zf_user/jobs/relay/view?view_type=list&rec_idx=38081686
회계·재무 정규직 채용(경력사원),화성엠텍(주),경기 군포시,http://www.saramin.co.kr/zf_user/jobs/relay/view?view_type=list&rec_idx=38080344
(주)아인스 관리부 경력 모집(재무담당),(주)아인스,충남 천안시 동남구,http://www.saramin.co.kr/zf_user/jobs/relay/view?view_type=list&rec_idx=38079862
[KEC] 재경그룹 신입/경력사원 채용,주식회사 케이이씨,경북 구미시,http://www.saramin.co.kr/zf_user/jobs/relay/view?view_type=list&rec_idx=38079503
"고은 세무회계사무소 정직원 모집합니다. ( 신입, 경력 무관 )",고은세무회계사무소,서울 마포구,http://www.saramin.co.kr/zf_user/jobs/relay/view?view_type=list&rec_idx=38079489
회계팀 직원을 모집합니다.,도휘(주),전남 목포시,http://www.saramin.co.kr/zf_user/jobs/relay/view?view_type=list&rec_idx=38079456
피닉슨컨트롤스(주) 대구지사 경영지원팀 모집,피닉슨컨트롤스(주),대구 달성군,http://www.saramin.co.kr/zf_user/jobs/relay/view?view_type=list&rec_idx=38079133
"재무회계, 경리 담당자",주식회사 디저트팩토리,경기 이천시,http://www.saramin.co.kr/zf_user/jobs/relay/view?view_type=list&rec_idx=38078579
"회계, 경영지원 신입/경력 채용",(주)이에스티,경기 성남시 수정구,http://www.saramin.co.kr/zf_user/jobs/relay/view?view_type=list&rec_idx=38078561
[현대 솔라고 CC] 경력 경리회계 직원 채용 (숙소제공),주) 에이프로 코리아,충남 태안군,http://www.saramin.co.kr/zf_user/jobs/relay/view?view_type=list&rec_idx=38078432
(주)교동식품 본사 재무회계팀(대리~과장) 정규직 채용,주식회사교동식품,충북 옥천군,http://www.saramin.co.kr/zf_user/jobs/relay/view?view_type=list&rec_idx=38078365
세무 정규직 모집합니다(경력무관),세무법인세광성수지점,서울 성동구,http://www.saramin.co.kr/zf_user/jobs/relay/view?view_type=list&rec_idx=38078207
[본사]  인사/총무 및 회계업무 신입 및 경력사원 채용 (팀원급),디에스디엘주식회사,서울 중구,http://www.saramin.co.kr/zf_user/jobs/relay/view?view_type=list&rec_idx=38078019
자산운용사 경영관리본부 정규직 채용(신입/경력),단디파트너스,부산 연제구,http://www.saramin.co.kr/zf_user/jobs/relay/view?view_type=list&rec_idx=38077554
세무·회계·CPA外 1개 부문 담당자 채용,세연회계법인,서울 강남구,http://www.saramin.co.kr/zf_user/jobs/relay/view?view_type=list&rec_idx=38077413
사무보조·문서작성外 정규직 채용(신입사원),(주)리드옥션,경기 용인시 기흥구,http://www.saramin.co.kr/zf_user/jobs/relay/view?view_type=list&rec_idx=38077380
[명품병행수입] 회계직원 공고,(주)티원트레이딩코리아,서울 강남구,http://www.saramin.co.kr/zf_user/jobs/relay/view?view_type=list&rec_idx=38077314
2020 동영관광 상반기 공채(채권/총무관리),(주)동영관광,서울 강남구,http://www.saramin.co.kr/zf_user/jobs/relay/view?view_type=list&rec_idx=38077208
사무 및 행정 업무 경력무관 채용 공고 - 정규직,사회적협동조합지심,경기 양주시,http://www.saramin.co.kr/zf_user/jobs/relay/view?view_type=list&rec_idx=38077065
[골프 IT 1위 기업] 경영관리팀 경력사원 채용(회계/세무/경리),(주)스마트스코어,서울 강남구,http://www.saramin.co.kr/zf_user/jobs/relay/view?view_type=list&rec_idx=38076049
화장품/생산/충진/포장/검사·검품/ERP운용 사원 모집,(주)다비드화장품,인천 서구,http://www.saramin.co.kr/zf_user/jobs/relay/view?view_type=list&rec_idx=38074993
[Qoo10] 정산 기획자 채용공고,지오시스 유한회사,서울 강남구,http://www.saramin.co.kr/zf_user/jobs/relay/view?view_type=list&rec_idx=38074987
세무회계 정규직 채용 - 신입/경력,다온세무회계사무소,서울 영등포구,http://www.saramin.co.kr/zf_user/jobs/relay/view?view_type=list&rec_idx=38074569
Holiday Inn Express Suwon Ingye 재경사원 채용,(유)에스알디식스,경기 수원시 팔달구,http://www.saramin.co.kr/zf_user/jobs/relay/view?view_type=list&rec_idx=38073852
경영지원팀 회계·재무·세무·IR 정규직 채용,구미미르치과병원,경북 구미시,http://www.saramin.co.kr/zf_user/jobs/relay/view?view_type=list&rec_idx=38073122
"세무, 회계 정규직 채용합니다(신입 및 경력), 단기아르바이트",으뜸세무법인 서초지점,서울 서초구,http://www.saramin.co.kr/zf_user/jobs/relay/view?view_type=list&rec_idx=38073061
재무 회계 담당자 모집,(주)셀맥인터내셔날,광주 남구,http://www.saramin.co.kr/zf_user/jobs/relay/view?view_type=list&rec_idx=38072745
"재무회계팀 정규직(신입, 경력무관) 채용",한국정보기술(주),경기 성남시 분당구,http://www.saramin.co.kr/zf_user/jobs/relay/view?view_type=list&rec_idx=38072552
"회계, 결산, 경영지원 정규직 채용 공고",(주)씨엔케이무역,부산 기장군,http://www.saramin.co.kr/zf_user/jobs/relay/view?view_type=list&rec_idx=38071100
2020년 글로벌소프트 회계 및 경영지원 담당자 모집,글로벌소프트,서울 서초구,http://www.saramin.co.kr/zf_user/jobs/relay/view?view_type=list&rec_idx=38070412
2020년 대왕철강(주) 관리부 구인공고,대왕철강㈜,경기 화성시,http://www.saramin.co.kr/zf_user/jobs/relay/view?view_type=list&rec_idx=38070271
자금/회계/총무 신입/경력 채용(정규직),(주)성욱,인천 부평구,http://www.saramin.co.kr/zf_user/jobs/relay/view?view_type=list&rec_idx=38069983
삼익악기 자금팀 신입/경력 사원 모집,㈜삼익악기,서울 강남구,http://www.saramin.co.kr/zf_user/jobs/relay/view?view_type=list&rec_idx=38069807
(주)에이유팜(한국유니온제약 자회사) 경영관리 신입모집,한국유니온제약㈜,경기 성남시 분당구,http://www.saramin.co.kr/zf_user/jobs/relay/view?view_type=list&rec_idx=38069784
[정규직]  총무 / 발주 업무 담당 직원 채용,(주)참아람,경기 김포시,http://www.saramin.co.kr/zf_user/jobs/relay/view?view_type=list&rec_idx=38069557
경영지원부 신입사원 채용(정규직),(주)에치케이씨,경기 시흥시,http://www.saramin.co.kr/zf_user/jobs/relay/view?view_type=list&rec_idx=38069280
인사총무노무,선문그린사이언스(주),서울 성동구,http://www.saramin.co.kr/zf_user/jobs/relay/view?view_type=list&rec_idx=38067885
"경영기획팀 경리,회계,총무업무담당직원 모집. 경력무관",㈜화백엔지니어링,경기 안산시 단원구,http://www.saramin.co.kr/zf_user/jobs/relay/view?view_type=list&rec_idx=38067795
"(주)대야상사에서  경리, 회계 정규직 채용합니다",(주)대야상사,경기 광주시,http://www.saramin.co.kr/zf_user/jobs/relay/view?view_type=list&rec_idx=38067259
회계&amp;전산회계&amp;재무회계 정규직 모집 공고,이촌플러스세무법인인천지점,인천 연수구,http://www.saramin.co.kr/zf_user/jobs/relay/view?view_type=list&rec_idx=38067220
2019년 하반기 회계·재무·세무·IR 경력사원 채용,회계법인길인,서울 강남구,http://www.saramin.co.kr/zf_user/jobs/relay/view?view_type=list&rec_idx=38066912
[더메이런]회계/경리/법인결산/자금관리/국세/지방세/ERP 관리자,제이웨이아이엔티,서울 금천구,http://www.saramin.co.kr/zf_user/jobs/relay/view?view_type=list&rec_idx=38066214
"[환영]복지,환경,급여,최고-거래처 수주관리 및 재고전산 사무원",(주)퓨어그래스,경기 수원시 팔달구,http://www.saramin.co.kr/zf_user/jobs/relay/view?view_type=list&rec_idx=38065797
(정규직) 경영지원부 신입/경력 채용,아이티인포(주),서울 송파구,http://www.saramin.co.kr/zf_user/jobs/relay/view?view_type=list&rec_idx=38064481
2020 부산/경남 벤처기업 공동채용 공고,(사)부산벤처기업협회,부산 사상구,http://www.saramin.co.kr/zf_user/jobs/relay/view?view_type=list&rec_idx=38063321&adsCategoryItem=effect_bold&
셀바스에이아이 재무/회계 신입 모집,셀바스에이아이,서울 금천구,http://www.saramin.co.kr/zf_user/jobs/relay/view?view_type=list&rec_idx=38063106
"NHN한국사이버결제㈜ 공시/IR업무 담당자 (사원, 대리급)",엔에이치엔한국사이버결제주식회사,서울 구로구,http://www.saramin.co.kr/zf_user/jobs/relay/view?view_type=list&rec_idx=38062726
[카앤피플] 2020년 상반기 신입/경력 모집합니다,(주)카앤피플,경기 김포시,http://www.saramin.co.kr/zf_user/jobs/relay/view?view_type=list&rec_idx=38062274
오성기전 관리팀 회계 신입/경력 사원 모집,(주)오성사,경남 김해시,http://www.saramin.co.kr/zf_user/jobs/relay/view?view_type=list&rec_idx=38061566
세무·회계·CPA 외 1개 부문 담당자 채용,세주세무회계 세무사 최용호,서울 동작구,http://www.saramin.co.kr/zf_user/jobs/relay/view?view_type=list&rec_idx=38061547
대표이사 비서 겸 사무보조 업무를 해 주실 분을 모십니다.,㈜폴리큐브,서울 강남구,http://www.saramin.co.kr/zf_user/jobs/relay/view?view_type=list&rec_idx=38061169
직원분을 채용합니다(세무사사무실),세무사 정기용 사무소,서울 강남구,http://www.saramin.co.kr/zf_user/jobs/relay/view?view_type=list&rec_idx=38058723
물류·유통·운송 외 1개 부문 담당자 채용,한솔양계(주),충남 당진시,http://www.saramin.co.kr/zf_user/jobs/relay/view?view_type=list&rec_idx=38057154
"워라밸이 실현되는 피플리에서 경영지원, 회계담당자를 모십니다",(주)피플리,서울 마포구,http://www.saramin.co.kr/zf_user/jobs/relay/view?view_type=list&rec_idx=38056778
경영전략부서 (인사팀/비서/경리) 정규직 채용,(주)베스트브라더스,서울 강남구,http://www.saramin.co.kr/zf_user/jobs/relay/view?view_type=list&rec_idx=38056632
회계·재무·세무·IR(세무&amp;재무회계外 1개 부문) 모집합니다,세무사 정기용 사무소,서울 강남구,http://www.saramin.co.kr/zf_user/jobs/relay/view?view_type=list&rec_idx=38055977
"세무,경리 정규직 채용(신입,경력무관)",제이솔루션,서울 금천구,http://www.saramin.co.kr/zf_user/jobs/relay/view?view_type=list&rec_idx=38055906
[메가스터디교육그룹] 김영편입 재경팀 채용,(주)아이비김영,서울 서초구,http://www.saramin.co.kr/zf_user/jobs/relay/view?view_type=list&rec_idx=38054772
회계·재무·세무·IR 외 경력무관 채용,삼현세무법인(구리지점),경기 구리시,http://www.saramin.co.kr/zf_user/jobs/relay/view?view_type=list&rec_idx=38054711
2공장 회계총무 정규직 채용,(주)네추럴웨이,경기 포천시,http://www.saramin.co.kr/zf_user/jobs/relay/view?view_type=list&rec_idx=38054670
신입직원채용공고 [세무법인다인],세무법인다인 평택비전지점,경기 평택시,http://www.saramin.co.kr/zf_user/jobs/relay/view?view_type=list&rec_idx=38054648
능력있는 세무사님을 최고 대우로 모십니다.,정성찬세무사사무소,서울 서초구,http://www.saramin.co.kr/zf_user/jobs/relay/view?view_type=list&rec_idx=38054394
관리부 회계·재무·세무·IR 채용 - 경력/신입,삼환전기(유),전남 나주시,http://www.saramin.co.kr/zf_user/jobs/relay/view?view_type=list&rec_idx=38054011
원가 (자동차 부품),㈜쓰리나인,경기 안산시 단원구,http://www.saramin.co.kr/zf_user/jobs/relay/view?view_type=list&rec_idx=38053961
리서치통계담당자 분석직 채용공고(통계학석사우대),주식회사 에스티리서치,부산 수영구,http://www.saramin.co.kr/zf_user/jobs/relay/view?view_type=list&rec_idx=38053753
"재경 업무 담당 모집 (사원, 대리)",제이와이커스텀(주),경기 광주시,http://www.saramin.co.kr/zf_user/jobs/relay/view?view_type=list&rec_idx=38053603
[경력] 건설 사업기획 사무 담당 모집,(주)대성엔지니어링건축사사무소,서울 서초구,http://www.saramin.co.kr/zf_user/jobs/relay/view?view_type=list&rec_idx=38053499
회계·재무·세무·IR(경영지원&amp;회계外 1개 부문) 채용 공고,(주)제이에스티,경기 용인시 기흥구,http://www.saramin.co.kr/zf_user/jobs/relay/view?view_type=list&rec_idx=38052186
[주간고정] 회계 사무 업무 상반기 채용,(주)이한에이치알,충북 청주시 흥덕구,http://www.saramin.co.kr/zf_user/jobs/relay/view?view_type=list&rec_idx=38052101
[삼일회계법인] 2020 Public Sector Consultant 공채,삼일회계법인,서울 용산구,http://www.saramin.co.kr/zf_user/jobs/relay/view?view_type=list&rec_idx=38051413
"원가회계(원가분석, 수수료 산정 등) 신입/경력사원 모집",(재)한국산업관계연구원,서울 금천구,http://www.saramin.co.kr/zf_user/jobs/relay/view?view_type=list&rec_idx=38051106
[화장품사업부문] 신입/경력직 채용 (재무팀),㈜에스디생명공학,서울 강서구,http://www.saramin.co.kr/zf_user/jobs/relay/view?view_type=list&rec_idx=38050610
(신입)용산 세무사 사무실(하나로앤택스) 신입직원 채용(정규직),하나로앤택스,서울 용산구,http://www.saramin.co.kr/zf_user/jobs/relay/view?view_type=list&rec_idx=38050427
[독일계기업] Finance admin Team - Assistant,피엠인터내셔널코리아(유),서울 영등포구,http://www.saramin.co.kr/zf_user/jobs/relay/view?view_type=list&rec_idx=38050369
(주)비투에스바이오 회계팀 신입사원 모집 공고,(주)비투에스바이오,인천 연수구,http://www.saramin.co.kr/zf_user/jobs/relay/view?view_type=list&rec_idx=38050212
세무사사무실(초보 및 경력자 모집),손병년세무사사무소,대구 북구,http://www.saramin.co.kr/zf_user/jobs/relay/view?view_type=list&rec_idx=38050067
금융 퀀트 및 자산운용 솔루션 경력 모집,유로인스트루먼츠,서울 중구,http://www.saramin.co.kr/zf_user/jobs/relay/view?view_type=list&rec_idx=38049973
회계·재무·세무·IR(세무&amp;회계外 3개 부문) 채용 공고,세무법인 정담,서울 강남구,http://www.saramin.co.kr/zf_user/jobs/relay/view?view_type=list&rec_idx=38049788
[경력사원] 세무&amp;법인결산&amp;기장 정규직 채용,원탑세무회계사무소,경기 부천시,http://www.saramin.co.kr/zf_user/jobs/relay/view?view_type=list&rec_idx=38048777
하이컨시 [시대인재] 재무실 채용(신입~경력3년),(주)하이컨시,서울 강남구,http://www.saramin.co.kr/zf_user/jobs/relay/view?view_type=list&rec_idx=38048621
"총무팀(회계,인사) 사원 모집",(주)대일산업,경기 안산시 단원구,http://www.saramin.co.kr/zf_user/jobs/relay/view?view_type=list&rec_idx=38048259
부산 강서구 스타필드시티 명지점 경리주임 / 간호조무사 모집,(주)삼구아이앤씨,부산 강서구,http://www.saramin.co.kr/zf_user/jobs/relay/view?view_type=list&rec_idx=38047905
2020년 상반기 회계/세무/기장/결산/법인결산 경력 채용,세무회계한맘임태섭사무소,경기 이천시,http://www.saramin.co.kr/zf_user/jobs/relay/view?view_type=list&rec_idx=38047641
김승현세무회계 신입 및 경력직원 채용합니다.,김승현 세무회계,서울 마포구,http://www.saramin.co.kr/zf_user/jobs/relay/view?view_type=list&rec_idx=38047617
"[아이우리세무법인] 세무법인  신입 , 경력 직원을 모집 합니다.",아이우리 세무법인,서울 중구,http://www.saramin.co.kr/zf_user/jobs/relay/view?view_type=list&rec_idx=38047095
경영지원 재무팀 경력 모집 공고 - 정규직,고문당인쇄(주),대구 달서구,http://www.saramin.co.kr/zf_user/jobs/relay/view?view_type=list&rec_idx=38045093
유나이티드라인 해운대리점 회계/영업/업무직 채용,(주)유나이티드라인,서울 중구,http://www.saramin.co.kr/zf_user/jobs/relay/view?view_type=list&rec_idx=38044419
(주)성지제강 여주지사 4공장 자재 입출하 담당자(사무관리직),(주)성지제강,경기 여주시,http://www.saramin.co.kr/zf_user/jobs/relay/view?view_type=list&rec_idx=38044269
세무회계 경력무관 채용 - 정규직,대영회계법인,서울 강남구,http://www.saramin.co.kr/zf_user/jobs/relay/view?view_type=list&rec_idx=38042622
경영지원 정규직 채용 공고 - 경력무관,(주)컴위드,경기 부천시,http://www.saramin.co.kr/zf_user/jobs/relay/view?view_type=list&rec_idx=38042390
2020년 부문별 신규 채용,(주)엠투아이코퍼레이션,경기 안양시 만안구,http://www.saramin.co.kr/zf_user/jobs/relay/view?view_type=list&rec_idx=38042176&adsCategoryItem=effect_bold&
"회계·재무·세무·IR(회계, 세무 외 1개 부문) 모집합니다",세무사이성하사무소,대구 남구,http://www.saramin.co.kr/zf_user/jobs/relay/view?view_type=list&rec_idx=38041284
세무 경력/신입 모집 공고,세무사 김환욱 (정함세무회계사무소),서울 중구,http://www.saramin.co.kr/zf_user/jobs/relay/view?view_type=list&rec_idx=38040465
기업금융직원모집,(주)에이원경영지원센터,서울 서초구,http://www.saramin.co.kr/zf_user/jobs/relay/view?view_type=list&rec_idx=38040431
오성기전 관리팀 회계 신입/경력 사원 모집,(주)오성기전,경남 김해시,http://www.saramin.co.kr/zf_user/jobs/relay/view?view_type=list&rec_idx=38039602
경영전략실 경영기획&amp;인사 담당,한국영상기술,경기 안양시 동안구,http://www.saramin.co.kr/zf_user/jobs/relay/view?view_type=list&rec_idx=38039195
경영관리부문 일반직 사원모집,(주)이아우토반,인천 남동구,http://www.saramin.co.kr/zf_user/jobs/relay/view?view_type=list&rec_idx=38038335
세무회계사무실 업무,세무법인 한백택스,서울 중구,http://www.saramin.co.kr/zf_user/jobs/relay/view?view_type=list&rec_idx=38037739
경영지원&amp;총무&amp;경리 정규직 채용공고(경력),(주)매드비,서울 강남구,http://www.saramin.co.kr/zf_user/jobs/relay/view?view_type=list&rec_idx=38036008
천지세무법인 청라지사 신입&amp;경력 모집,천지세무법인 청라지사,인천 서구,http://www.saramin.co.kr/zf_user/jobs/relay/view?view_type=list&rec_idx=38035563
베스트세무법인에서 신입사원 및 경력사원을 모집합니다.,베스트세무법인 강남대로점,서울 서초구,http://www.saramin.co.kr/zf_user/jobs/relay/view?view_type=list&rec_idx=38034124
경영지원 정규직 채용 - 경력무관,(주)태영에스엔티,서울 강서구,http://www.saramin.co.kr/zf_user/jobs/relay/view?view_type=list&rec_idx=38033921
회계팀 사원 채용 / 한정판 스니커 거래 중개 앱,(주)힌터,서울 강남구,http://www.saramin.co.kr/zf_user/jobs/relay/view?view_type=list&rec_idx=38033801
"[본사 본점/숙소제공] 천안 엔타스시 차장, 과장, 대리,초보",(주)하람에프앤비,충남 천안시 서북구,http://www.saramin.co.kr/zf_user/jobs/relay/view?view_type=list&rec_idx=38033770
유치원 회계기장업무 전문가 - 에듀파인 경력자 급구,프로경영컨설팅,경기 부천시,http://www.saramin.co.kr/zf_user/jobs/relay/view?view_type=list&rec_idx=38033753
콘텐츠 마케터/경영지원팀 모집[신입/경력],(주)스테이튠드,서울 마포구,http://www.saramin.co.kr/zf_user/jobs/relay/view?view_type=list&rec_idx=38033496
어린이집회계관리사무직원 모집,누리터,인천 계양구,http://www.saramin.co.kr/zf_user/jobs/relay/view?view_type=list&rec_idx=38033152
(주)케이엠 관리본부 (회계팀 / 물류지원팀) 신입/경력 채용,(주)케이엠,경기 안성시,http://www.saramin.co.kr/zf_user/jobs/relay/view?view_type=list&rec_idx=38033101
세무사 사무실 신입/경력 직원 모집,세무법인 해성,경기 성남시 수정구,http://www.saramin.co.kr/zf_user/jobs/relay/view?view_type=list&rec_idx=38032537
"데이터분석 개발자/JAVA개발자(부산, 경기)/IOT, 현장지원",(주)아이오티솔루션,부산 북구,http://www.saramin.co.kr/zf_user/jobs/relay/view?view_type=list&rec_idx=38032097
[세무그룹송정] 재무·세무·IR 외 정규직 채용합니다(신입사원),세무그룹 송정,경기 평택시,http://www.saramin.co.kr/zf_user/jobs/relay/view?view_type=list&rec_idx=38029602
[세무사사무실] 3년차이상 경력직 및 신입사원 모십니다.,세무법인 지엘(GL) 강남지점,서울 강남구,http://www.saramin.co.kr/zf_user/jobs/relay/view?view_type=list&rec_idx=38028674
[경력] 회계·재무·세무·IR 정규직 모집 공고,법무법인와이케이,서울 서초구,http://www.saramin.co.kr/zf_user/jobs/relay/view?view_type=list&rec_idx=38028276
세무사무실 신입및경력직원 모집,세무법인 안길,서울 종로구,http://www.saramin.co.kr/zf_user/jobs/relay/view?view_type=list&rec_idx=38027919
(주)엘케이 경영지원팀 신입/경력직 모집,(주)엘케이,경기 안성시,http://www.saramin.co.kr/zf_user/jobs/relay/view?view_type=list&rec_idx=38027721
2020년도 (주)선경이엔씨 인사노무 / 재무회계 채용[신입/경력].,(주)선경이엔씨,경기 용인시 기흥구,http://www.saramin.co.kr/zf_user/jobs/relay/view?view_type=list&rec_idx=38027599
외국기업 자본시장업무 컨설팅 담당자 모집,(주)에스와이어드바이저,서울 영등포구,http://www.saramin.co.kr/zf_user/jobs/relay/view?view_type=list&rec_idx=38025949
"출납, 재무, 세무, 회계, 경리 정규직 모집합니다 - 경력무관",(주)239바이오,전북 익산시,http://www.saramin.co.kr/zf_user/jobs/relay/view?view_type=list&rec_idx=38025431
(강남)세무회계사무소 신입 및 경력 직원 모집(경력자 우대),김은동세무회계사무소,서울 강남구,http://www.saramin.co.kr/zf_user/jobs/relay/view?view_type=list&rec_idx=38025233
2020년 4월 회계 신입 / 경력직 모집,세무법인리젠,경기 평택시,http://www.saramin.co.kr/zf_user/jobs/relay/view?view_type=list&rec_idx=38025048
[메디테라피] 100배 성장하실 분을 찾습니다.,(주)메디테라피,서울 서초구,http://www.saramin.co.kr/zf_user/jobs/relay/view?view_type=list&rec_idx=38024876
2020년 부문별 공개채용,대보마그네틱(주),경기 화성시,http://www.saramin.co.kr/zf_user/jobs/relay/view?view_type=list&rec_idx=38024288
세무사사무실 신입 및 경력직 사무직원모집합니다.,세무법인 한맥,서울 서초구,http://www.saramin.co.kr/zf_user/jobs/relay/view?view_type=list&rec_idx=38023541
"안내데스크,회계업무, 매니져 정규직 채용(경력무관)",구월동 본비반트헤어,인천 남동구,http://www.saramin.co.kr/zf_user/jobs/relay/view?view_type=list&rec_idx=38022875
2020년 상반기 신입 및 경력채용,(주)디알텍,경기 성남시 분당구,http://www.saramin.co.kr/zf_user/jobs/relay/view?view_type=list&rec_idx=38022766
"세무법인 이산에서 신입,경력자 모집합니다.",세무법인 이산,서울 송파구,http://www.saramin.co.kr/zf_user/jobs/relay/view?view_type=list&rec_idx=38022399
세무법인 이산에서 경력자 모집합니다.,세무법인 이산,서울 송파구,http://www.saramin.co.kr/zf_user/jobs/relay/view?view_type=list&rec_idx=38022348
[가은회계법인 역삼지점] 기장팀 신입/경력(3년이하) 채용 공고,가은회계법인,서울 강남구,http://www.saramin.co.kr/zf_user/jobs/relay/view?view_type=list&rec_idx=38020520
[정규직] 경리/회계/물류관리 사무원 경력사원 채용 공고,행복드림영농조합법인,충남 논산시,http://www.saramin.co.kr/zf_user/jobs/relay/view?view_type=list&rec_idx=38020467
KT 가야동 공식대리점에서 판매사 대리점직원 신입채용,주식회사 오렌지모바일,부산 부산진구,http://www.saramin.co.kr/zf_user/jobs/relay/view?view_type=list&rec_idx=38020013
"세무법인 사원모집 / 세무, 회계, 결산, 기장(신입&amp;경력)",세무법인가치,서울 강남구,http://www.saramin.co.kr/zf_user/jobs/relay/view?view_type=list&rec_idx=38019185
"(주)광림 회계,재무 부문 채용 공고",(주)광림,충북 청주시 서원구,http://www.saramin.co.kr/zf_user/jobs/relay/view?view_type=list&rec_idx=38014987
"주식IR·공시, 컨설턴트 정규직 채용(신입/경력)",(주) 케이투씨앤아이,서울 영등포구,http://www.saramin.co.kr/zf_user/jobs/relay/view?view_type=list&rec_idx=38014465
세무법인한결멘토(본점) 경력6년이상  직원 채용합니다.,세무법인한결멘토,서울 강남구,http://www.saramin.co.kr/zf_user/jobs/relay/view?view_type=list&rec_idx=38014351
세무회계 세무기장 재무재표 가능자 경리회계 정규직 채용,(주)베이지컴퍼니,충북 청주시 서원구,http://www.saramin.co.kr/zf_user/jobs/relay/view?view_type=list&rec_idx=38013541
기업공시 경력직 채용,(주)이아이디,서울 강남구,http://www.saramin.co.kr/zf_user/jobs/relay/view?view_type=list&rec_idx=38012000
"[CMS에듀] 더존회계, 데스크업무, 사무보조 구합니다.",(주)씨엠에스에듀,세종 세종특별자치시,http://www.saramin.co.kr/zf_user/jobs/relay/view?view_type=list&rec_idx=38011657
[메디헬프라인] 운영회계팀원 모집,(주)메디헬프라인,서울 중구,http://www.saramin.co.kr/zf_user/jobs/relay/view?view_type=list&rec_idx=38010684
(주)퍼니디 2020년 상반기 경영관리부 신입 채용,(주)퍼니디,서울 금천구,http://www.saramin.co.kr/zf_user/jobs/relay/view?view_type=list&rec_idx=38010624
2020년 상반기 각 부문별 신입 경력 채용,유니슨에이치케이알(주),충남 천안시 동남구,http://www.saramin.co.kr/zf_user/jobs/relay/view?view_type=list&rec_idx=38009264
[급구]경리/사무보조/운전가능 -부천점,국가대표안마원,경기 부천시,http://www.saramin.co.kr/zf_user/jobs/relay/view?view_type=list&rec_idx=38009133
윈(WIN)택스세무회계컨설팅에서 (신입/경력) 직원을 채용합니다.,윈택스세무회계컨설팅,서울 성동구,http://www.saramin.co.kr/zf_user/jobs/relay/view?view_type=list&rec_idx=38008949
윈택스세무회계사무소  (신입/경력) 세무사무원을 모집 합니다,윈택스세무회계컨설팅,서울 성동구,http://www.saramin.co.kr/zf_user/jobs/relay/view?view_type=list&rec_idx=38008925
세무회계사무소 신입 및 경력사원(만 1년~4년) 모집합니다,대현세무회계컨설팅,서울 강서구,http://www.saramin.co.kr/zf_user/jobs/relay/view?view_type=list&rec_idx=38008794
세무사사무실 회계사무직원 모집  - 정규직,도건세무회계,서울 강남구,http://www.saramin.co.kr/zf_user/jobs/relay/view?view_type=list&rec_idx=38008449
경영지원 총-재무 신입/경력 사원 모집공고,주식회사 에이팩,서울 강남구,http://www.saramin.co.kr/zf_user/jobs/relay/view?view_type=list&rec_idx=38007895
경영지원팀 및 총-재무직,주식회사 에이팩,서울 강남구,http://www.saramin.co.kr/zf_user/jobs/relay/view?view_type=list&rec_idx=38007853
[리즈]경리/회계/행정 관리 직원 모집,㈜리즈,서울 중구,http://www.saramin.co.kr/zf_user/jobs/relay/view?view_type=list&rec_idx=38006729
세무법인 직원 공고,세무법인한맥,서울 서초구,http://www.saramin.co.kr/zf_user/jobs/relay/view?view_type=list&rec_idx=38006249
사무보조/경리/회계 사무직 모집,금송산업개발(주),세종 세종특별자치시,http://www.saramin.co.kr/zf_user/jobs/relay/view?view_type=list&rec_idx=38006142
법인 회계 업무 및 공공기관 계약 진행 정산 담당(1~5년),(주)매스씨앤지,서울 마포구,http://www.saramin.co.kr/zf_user/jobs/relay/view?view_type=list&rec_idx=38005830
행성화학 경영지원팀 팀원 신규채용,(주)행성화학,충북 청주시 청원구,http://www.saramin.co.kr/zf_user/jobs/relay/view?view_type=list&rec_idx=38004626
